This is XeTeX, Version 3.141592653-2.6-0.999997 (MiKTeX 25.12) (preloaded format=xelatex 2026.9.22)  26 SEP 2026 01:21
entering extended mode
 restricted \write18 enabled.
 %&-line parsing enabled.
**./main.tex
(main.tex
LaTeX2e <2025-11-01>
L3 programming layer <2025-12-24>
(C:\Users\kelly\AppData\Local\Programs\MiKTeX\tex/latex/beamer\beamer.cls
Document Class: beamer 2026/08/20 v3.78 A class for typesetting presentations

(C:\Users\kelly\AppData\Local\Programs\MiKTeX\tex/latex/beamer\beamerbasemodes.
sty
(C:\Users\kelly\AppData\Local\Programs\MiKTeX\tex/latex/etoolbox\etoolbox.sty
Package: etoolbox 2025/10/02 v2.5m e-TeX tools for LaTeX (JAW)
\etb@tempcnta=\count271
)
\beamer@tempbox=\box53
\beamer@tempcount=\count272
\c@beamerpauses=\count273

(C:\Users\kelly\AppData\Local\Programs\MiKTeX\tex/latex/beamer\beamerbasedecode
.sty
\beamer@slideinframe=\count274
\beamer@minimum=\count275
\beamer@decode@box=\box54
)
\beamer@commentbox=\box55
\beamer@modecount=\count276
)
(C:\Users\kelly\AppData\Local\Programs\MiKTeX\tex/generic/iftex\iftex.sty
Package: iftex 2024/12/12 v1.0g TeX engine tests
)
\headdp=\dimen148
\footheight=\dimen149
\sidebarheight=\dimen150
\beamer@tempdim=\dimen151
\beamer@finalheight=\dimen152
\beamer@animht=\dimen153
\beamer@animdp=\dimen154
\beamer@animwd=\dimen155
\beamer@leftmargin=\dimen156
\beamer@rightmargin=\dimen157
\beamer@leftsidebar=\dimen158
\beamer@rightsidebar=\dimen159
\beamer@boxsize=\dimen160
\beamer@vboxoffset=\dimen161
\beamer@descdefault=\dimen162
\beamer@descriptionwidth=\dimen163
\beamer@lastskip=\skip49
\beamer@areabox=\box56
\beamer@animcurrent=\box57
\beamer@animshowbox=\box58
\beamer@sectionbox=\box59
\beamer@logobox=\box60
\beamer@linebox=\box61
\beamer@sectioncount=\count277
\beamer@subsubsectionmax=\count278
\beamer@subsectionmax=\count279
\beamer@sectionmax=\count280
\beamer@totalheads=\count281
\beamer@headcounter=\count282
\beamer@partstartpage=\count283
\beamer@sectionstartpage=\count284
\beamer@subsectionstartpage=\count285
\beamer@animationtempa=\count286
\beamer@animationtempb=\count287
\beamer@xpos=\count288
\beamer@ypos=\count289
\beamer@ypos@offset=\count290
\beamer@showpartnumber=\count291
\beamer@currentsubsection=\count292
\beamer@coveringdepth=\count293
\beamer@sectionadjust=\count294
\beamer@toclastsection=\count295
\beamer@tocsectionnumber=\count296

(C:\Users\kelly\AppData\Local\Programs\MiKTeX\tex/latex/beamer\beamerbaseoption
s.sty
(C:\Users\kelly\AppData\Local\Programs\MiKTeX\tex/latex/graphics\keyval.sty
Package: keyval 2022/05/29 v1.15 key=value parser (DPC)
\KV@toks@=\toks17
))
\beamer@paperwidth=\skip50
\beamer@paperheight=\skip51

(C:\Users\kelly\AppData\Local\Programs\MiKTeX\tex/latex/geometry\geometry.sty
Package: geometry 2026/03/07 v6.0 Page Geometry

(C:\Users\kelly\AppData\Local\Programs\MiKTeX\tex/generic/iftex\ifvtex.sty
Package: ifvtex 2019/10/25 v1.7 ifvtex legacy package. Use iftex instead.
)
\Gm@cnth=\count297
\Gm@cntv=\count298
\c@Gm@tempcnt=\count299
\Gm@bindingoffset=\dimen164
\Gm@wd@mp=\dimen165
\Gm@odd@mp=\dimen166
\Gm@even@mp=\dimen167
\Gm@layoutwidth=\dimen168
\Gm@layoutheight=\dimen169
\Gm@layouthoffset=\dimen170
\Gm@layoutvoffset=\dimen171
\Gm@dimlist=\toks18

(C:\Users\kelly\AppData\Local\Programs\MiKTeX\tex/latex/geometry\geometry.cfg))
(C:\Users\kelly\AppData\Local\Programs\MiKTeX\tex/latex/pgf/math\pgfmath.sty
(C:\Users\kelly\AppData\Local\Programs\MiKTeX\tex/latex/pgf/utilities\pgfrcs.st
y
(C:\Users\kelly\AppData\Local\Programs\MiKTeX\tex/generic/pgf/utilities\pgfutil
-common.tex
\pgfutil@everybye=\toks19
\pgfutil@tempdima=\dimen172
\pgfutil@tempdimb=\dimen173
)
(C:\Users\kelly\AppData\Local\Programs\MiKTeX\tex/generic/pgf/utilities\pgfutil
-latex.def
\pgfutil@abb=\box62
)
(C:\Users\kelly\AppData\Local\Programs\MiKTeX\tex/generic/pgf/utilities\pgfrcs.
code.tex
(C:\Users\kelly\AppData\Local\Programs\MiKTeX\tex/generic/pgf\pgf.revision.tex)
Package: pgfrcs 2025-08-29 v3.1.11a (3.1.11a)
))
(C:\Users\kelly\AppData\Local\Programs\MiKTeX\tex/latex/pgf/utilities\pgfkeys.s
ty
(C:\Users\kelly\AppData\Local\Programs\MiKTeX\tex/generic/pgf/utilities\pgfkeys
.code.tex
\pgfkeys@pathtoks=\toks20
\pgfkeys@temptoks=\toks21

(C:\Users\kelly\AppData\Local\Programs\MiKTeX\tex/generic/pgf/utilities\pgfkeys
libraryfiltered.code.tex
\pgfkeys@tmptoks=\toks22
)))
(C:\Users\kelly\AppData\Local\Programs\MiKTeX\tex/generic/pgf/math\pgfmath.code
.tex
(C:\Users\kelly\AppData\Local\Programs\MiKTeX\tex/generic/pgf/math\pgfmathutil.
code.tex
\pgf@x=\dimen174
\pgf@xa=\dimen175
\pgf@xb=\dimen176
\pgf@xc=\dimen177
\pgf@y=\dimen178
\pgf@ya=\dimen179
\pgf@yb=\dimen180
\pgf@yc=\dimen181
\c@pgf@counta=\count300
\c@pgf@countb=\count301
\c@pgf@countc=\count302
\c@pgf@countd=\count303
)
(C:\Users\kelly\AppData\Local\Programs\MiKTeX\tex/generic/pgf/math\pgfmathparse
r.code.tex
\pgfmath@dimen=\dimen182
\pgfmath@count=\count304
\pgfmath@box=\box63
\pgfmath@toks=\toks23
\pgfmath@stack@operand=\toks24
\pgfmath@stack@operation=\toks25
)
(C:\Users\kelly\AppData\Local\Programs\MiKTeX\tex/generic/pgf/math\pgfmathfunct
ions.code.tex)
(C:\Users\kelly\AppData\Local\Programs\MiKTeX\tex/generic/pgf/math\pgfmathfunct
ions.basic.code.tex)
(C:\Users\kelly\AppData\Local\Programs\MiKTeX\tex/generic/pgf/math\pgfmathfunct
ions.trigonometric.code.tex)
(C:\Users\kelly\AppData\Local\Programs\MiKTeX\tex/generic/pgf/math\pgfmathfunct
ions.random.code.tex)
(C:\Users\kelly\AppData\Local\Programs\MiKTeX\tex/generic/pgf/math\pgfmathfunct
ions.comparison.code.tex)
(C:\Users\kelly\AppData\Local\Programs\MiKTeX\tex/generic/pgf/math\pgfmathfunct
ions.base.code.tex)
(C:\Users\kelly\AppData\Local\Programs\MiKTeX\tex/generic/pgf/math\pgfmathfunct
ions.round.code.tex)
(C:\Users\kelly\AppData\Local\Programs\MiKTeX\tex/generic/pgf/math\pgfmathfunct
ions.misc.code.tex)
(C:\Users\kelly\AppData\Local\Programs\MiKTeX\tex/generic/pgf/math\pgfmathfunct
ions.integerarithmetics.code.tex)
(C:\Users\kelly\AppData\Local\Programs\MiKTeX\tex/generic/pgf/math\pgfmathcalc.
code.tex)
(C:\Users\kelly\AppData\Local\Programs\MiKTeX\tex/generic/pgf/math\pgfmathfloat
.code.tex
\c@pgfmathroundto@lastzeros=\count305
)))
(C:\Users\kelly\AppData\Local\Programs\MiKTeX\tex/latex/extsizes\size9.clo
File: size9.clo 1999/11/11 v1.4a NON-Standard LaTeX file (size option)
)
(C:\Users\kelly\AppData\Local\Programs\MiKTeX\tex/latex/pgf/basiclayer\pgfcore.
sty
(C:\Users\kelly\AppData\Local\Programs\MiKTeX\tex/latex/graphics\graphicx.sty
Package: graphicx 2024/12/31 v1.2e Enhanced LaTeX Graphics (DPC,SPQR)

(C:\Users\kelly\AppData\Local\Programs\MiKTeX\tex/latex/graphics\graphics.sty
Package: graphics 2024/08/06 v1.4g Standard LaTeX Graphics (DPC,SPQR)

(C:\Users\kelly\AppData\Local\Programs\MiKTeX\tex/latex/graphics\trig.sty
Package: trig 2023/12/02 v1.11 sin cos tan (DPC)
)
(C:\Users\kelly\AppData\Local\Programs\MiKTeX\tex/latex/graphics-cfg\graphics.c
fg
File: graphics.cfg 2016/06/04 v1.11 sample graphics configuration
)
Package graphics Info: Driver file: xetex.def on input line 106.

(C:\Users\kelly\AppData\Local\Programs\MiKTeX\tex/latex/graphics-def\xetex.def
File: xetex.def 2025/11/01 v5.0p Graphics/color driver for xetex
))
\Gin@req@height=\dimen183
\Gin@req@width=\dimen184
)
(C:\Users\kelly\AppData\Local\Programs\MiKTeX\tex/latex/pgf/systemlayer\pgfsys.
sty
(C:\Users\kelly\AppData\Local\Programs\MiKTeX\tex/generic/pgf/systemlayer\pgfsy
s.code.tex
Package: pgfsys 2025-08-29 v3.1.11a (3.1.11a)
\pgf@x=\dimen185
\pgf@y=\dimen186
\pgf@xa=\dimen187
\pgf@ya=\dimen188
\pgf@xb=\dimen189
\pgf@yb=\dimen190
\pgf@xc=\dimen191
\pgf@yc=\dimen192
\pgf@xd=\dimen193
\pgf@yd=\dimen194
\w@pgf@writea=\write3
\r@pgf@reada=\read2
\c@pgf@counta=\count306
\c@pgf@countb=\count307
\c@pgf@countc=\count308
\c@pgf@countd=\count309
\t@pgf@toka=\toks26
\t@pgf@tokb=\toks27
\t@pgf@tokc=\toks28
\pgf@sys@id@count=\count310

(C:\Users\kelly\AppData\Local\Programs\MiKTeX\tex/generic/pgf/systemlayer\pgf.c
fg
File: pgf.cfg 2025-08-29 v3.1.11a (3.1.11a)
)
Driver file for pgf: pgfsys-xetex.def

(C:\Users\kelly\AppData\Local\Programs\MiKTeX\tex/generic/pgf/systemlayer\pgfsy
s-xetex.def
File: pgfsys-xetex.def 2025-08-29 v3.1.11a (3.1.11a)

(C:\Users\kelly\AppData\Local\Programs\MiKTeX\tex/generic/pgf/systemlayer\pgfsy
s-dvipdfmx.def
File: pgfsys-dvipdfmx.def 2025-08-29 v3.1.11a (3.1.11a)

(C:\Users\kelly\AppData\Local\Programs\MiKTeX\tex/generic/pgf/systemlayer\pgfsy
s-common-pdf.def
File: pgfsys-common-pdf.def 2025-08-29 v3.1.11a (3.1.11a)
)
\pgfsys@objnum=\count311
)))
(C:\Users\kelly\AppData\Local\Programs\MiKTeX\tex/generic/pgf/systemlayer\pgfsy
ssoftpath.code.tex
File: pgfsyssoftpath.code.tex 2025-08-29 v3.1.11a (3.1.11a)
\pgfsyssoftpath@smallbuffer@items=\count312
\pgfsyssoftpath@bigbuffer@items=\count313
)
(C:\Users\kelly\AppData\Local\Programs\MiKTeX\tex/generic/pgf/systemlayer\pgfsy
sprotocol.code.tex
File: pgfsysprotocol.code.tex 2025-08-29 v3.1.11a (3.1.11a)
))
(C:\Users\kelly\AppData\Local\Programs\MiKTeX\tex/latex/xcolor\xcolor.sty
Package: xcolor 2024/09/29 v3.02 LaTeX color extensions (UK)

(C:\Users\kelly\AppData\Local\Programs\MiKTeX\tex/latex/graphics-cfg\color.cfg
File: color.cfg 2016/01/02 v1.6 sample color configuration
)
Package xcolor Info: Driver file: xetex.def on input line 274.
(C:\Users\kelly\AppData\Local\Programs\MiKTeX\tex/latex/graphics\mathcolor.ltx)
Package xcolor Info: Model `cmy' substituted by `cmy0' on input line 1349.
Package xcolor Info: Model `RGB' extended on input line 1365.
Package xcolor Info: Model `HTML' substituted by `rgb' on input line 1367.
Package xcolor Info: Model `Hsb' substituted by `hsb' on input line 1368.
Package xcolor Info: Model `tHsb' substituted by `hsb' on input line 1369.
Package xcolor Info: Model `HSB' substituted by `hsb' on input line 1370.
Package xcolor Info: Model `Gray' substituted by `gray' on input line 1371.
Package xcolor Info: Model `wave' substituted by `hsb' on input line 1372.
)
(C:\Users\kelly\AppData\Local\Programs\MiKTeX\tex/generic/pgf/basiclayer\pgfcor
e.code.tex
Package: pgfcore 2025-08-29 v3.1.11a (3.1.11a)

(C:\Users\kelly\AppData\Local\Programs\MiKTeX\tex/generic/pgf/math\pgfint.code.
tex)
(C:\Users\kelly\AppData\Local\Programs\MiKTeX\tex/generic/pgf/basiclayer\pgfcor
epoints.code.tex
File: pgfcorepoints.code.tex 2025-08-29 v3.1.11a (3.1.11a)
\pgf@picminx=\dimen195
\pgf@picmaxx=\dimen196
\pgf@picminy=\dimen197
\pgf@picmaxy=\dimen198
\pgf@pathminx=\dimen199
\pgf@pathmaxx=\dimen256
\pgf@pathminy=\dimen257
\pgf@pathmaxy=\dimen258
\pgf@xx=\dimen259
\pgf@xy=\dimen260
\pgf@yx=\dimen261
\pgf@yy=\dimen262
\pgf@zx=\dimen263
\pgf@zy=\dimen264
)
(C:\Users\kelly\AppData\Local\Programs\MiKTeX\tex/generic/pgf/basiclayer\pgfcor
epathconstruct.code.tex
File: pgfcorepathconstruct.code.tex 2025-08-29 v3.1.11a (3.1.11a)
\pgf@path@lastx=\dimen265
\pgf@path@lasty=\dimen266
)
(C:\Users\kelly\AppData\Local\Programs\MiKTeX\tex/generic/pgf/basiclayer\pgfcor
epathusage.code.tex
File: pgfcorepathusage.code.tex 2025-08-29 v3.1.11a (3.1.11a)
\pgf@shorten@end@additional=\dimen267
\pgf@shorten@start@additional=\dimen268
)
(C:\Users\kelly\AppData\Local\Programs\MiKTeX\tex/generic/pgf/basiclayer\pgfcor
escopes.code.tex
File: pgfcorescopes.code.tex 2025-08-29 v3.1.11a (3.1.11a)
\pgfpic=\box64
\pgf@hbox=\box65
\pgf@layerbox@main=\box66
\pgf@picture@serial@count=\count314
)
(C:\Users\kelly\AppData\Local\Programs\MiKTeX\tex/generic/pgf/basiclayer\pgfcor
egraphicstate.code.tex
File: pgfcoregraphicstate.code.tex 2025-08-29 v3.1.11a (3.1.11a)
\pgflinewidth=\dimen269
)
(C:\Users\kelly\AppData\Local\Programs\MiKTeX\tex/generic/pgf/basiclayer\pgfcor
etransformations.code.tex
File: pgfcoretransformations.code.tex 2025-08-29 v3.1.11a (3.1.11a)
\pgf@pt@x=\dimen270
\pgf@pt@y=\dimen271
\pgf@pt@temp=\dimen272
)
(C:\Users\kelly\AppData\Local\Programs\MiKTeX\tex/generic/pgf/basiclayer\pgfcor
equick.code.tex
File: pgfcorequick.code.tex 2025-08-29 v3.1.11a (3.1.11a)
)
(C:\Users\kelly\AppData\Local\Programs\MiKTeX\tex/generic/pgf/basiclayer\pgfcor
eobjects.code.tex
File: pgfcoreobjects.code.tex 2025-08-29 v3.1.11a (3.1.11a)
)
(C:\Users\kelly\AppData\Local\Programs\MiKTeX\tex/generic/pgf/basiclayer\pgfcor
epathprocessing.code.tex
File: pgfcorepathprocessing.code.tex 2025-08-29 v3.1.11a (3.1.11a)
)
(C:\Users\kelly\AppData\Local\Programs\MiKTeX\tex/generic/pgf/basiclayer\pgfcor
earrows.code.tex
File: pgfcorearrows.code.tex 2025-08-29 v3.1.11a (3.1.11a)
\pgfarrowsep=\dimen273
)
(C:\Users\kelly\AppData\Local\Programs\MiKTeX\tex/generic/pgf/basiclayer\pgfcor
eshade.code.tex
File: pgfcoreshade.code.tex 2025-08-29 v3.1.11a (3.1.11a)
\pgf@max=\dimen274
\pgf@sys@shading@range@num=\count315
\pgf@shadingcount=\count316
)
(C:\Users\kelly\AppData\Local\Programs\MiKTeX\tex/generic/pgf/basiclayer\pgfcor
eimage.code.tex
File: pgfcoreimage.code.tex 2025-08-29 v3.1.11a (3.1.11a)
)
(C:\Users\kelly\AppData\Local\Programs\MiKTeX\tex/generic/pgf/basiclayer\pgfcor
eexternal.code.tex
File: pgfcoreexternal.code.tex 2025-08-29 v3.1.11a (3.1.11a)
\pgfexternal@startupbox=\box67
)
(C:\Users\kelly\AppData\Local\Programs\MiKTeX\tex/generic/pgf/basiclayer\pgfcor
elayers.code.tex
File: pgfcorelayers.code.tex 2025-08-29 v3.1.11a (3.1.11a)
)
(C:\Users\kelly\AppData\Local\Programs\MiKTeX\tex/generic/pgf/basiclayer\pgfcor
etransparency.code.tex
File: pgfcoretransparency.code.tex 2025-08-29 v3.1.11a (3.1.11a)
)
(C:\Users\kelly\AppData\Local\Programs\MiKTeX\tex/generic/pgf/basiclayer\pgfcor
epatterns.code.tex
File: pgfcorepatterns.code.tex 2025-08-29 v3.1.11a (3.1.11a)
)
(C:\Users\kelly\AppData\Local\Programs\MiKTeX\tex/generic/pgf/basiclayer\pgfcor
erdf.code.tex
File: pgfcorerdf.code.tex 2025-08-29 v3.1.11a (3.1.11a)
)))
(C:\Users\kelly\AppData\Local\Programs\MiKTeX\tex/latex/pgf/utilities\xxcolor.s
ty
Package: xxcolor 2003/10/24 ver 0.1
\XC@nummixins=\count317
\XC@countmixins=\count318
)
(C:\Users\kelly\AppData\Local\Programs\MiKTeX\tex/latex/base\atbegshi-ltx.sty
Package: atbegshi-ltx 2021/01/10 v1.0c Emulation of the original atbegshi
package with kernel methods
)
(C:\Users\kelly\AppData\Local\Programs\MiKTeX\tex/latex/hyperref\hyperref.sty
Package: hyperref 2025-07-12 v7.01o Hypertext links for LaTeX

(C:\Users\kelly\AppData\Local\Programs\MiKTeX\tex/latex/kvsetkeys\kvsetkeys.sty
Package: kvsetkeys 2022-10-05 v1.19 Key value parser (HO)
)
(C:\Users\kelly\AppData\Local\Programs\MiKTeX\tex/generic/kvdefinekeys\kvdefine
keys.sty
Package: kvdefinekeys 2019-12-19 v1.6 Define keys (HO)
)
(C:\Users\kelly\AppData\Local\Programs\MiKTeX\tex/generic/pdfescape\pdfescape.s
ty
Package: pdfescape 2019/12/09 v1.15 Implements pdfTeX's escape features (HO)

(C:\Users\kelly\AppData\Local\Programs\MiKTeX\tex/generic/ltxcmds\ltxcmds.sty
Package: ltxcmds 2023-12-04 v1.26 LaTeX kernel commands for general use (HO)
)
(C:\Users\kelly\AppData\Local\Programs\MiKTeX\tex/generic/pdftexcmds\pdftexcmds
.sty
Package: pdftexcmds 2020-06-27 v0.33 Utility functions of pdfTeX for LuaTeX (HO
)

(C:\Users\kelly\AppData\Local\Programs\MiKTeX\tex/generic/infwarerr\infwarerr.s
ty
Package: infwarerr 2019/12/03 v1.5 Providing info/warning/error messages (HO)
)
Package pdftexcmds Info: \pdf@primitive is available.
Package pdftexcmds Info: \pdf@ifprimitive is available.
Package pdftexcmds Info: \pdfdraftmode not found.
))
(C:\Users\kelly\AppData\Local\Programs\MiKTeX\tex/latex/hycolor\hycolor.sty
Package: hycolor 2020-01-27 v1.10 Color options for hyperref/bookmark (HO)
)
(C:\Users\kelly\AppData\Local\Programs\MiKTeX\tex/latex/hyperref\nameref.sty
Package: nameref 2025-06-21 v2.57 Cross-referencing by name of section

(C:\Users\kelly\AppData\Local\Programs\MiKTeX\tex/latex/refcount\refcount.sty
Package: refcount 2019/12/15 v3.6 Data extraction from label references (HO)
)
(C:\Users\kelly\AppData\Local\Programs\MiKTeX\tex/generic/gettitlestring\gettit
lestring.sty
Package: gettitlestring 2019/12/15 v1.6 Cleanup title references (HO)

(C:\Users\kelly\AppData\Local\Programs\MiKTeX\tex/latex/kvoptions\kvoptions.sty
Package: kvoptions 2022-06-15 v3.15 Key value format for package options (HO)
))
\c@section@level=\count319
)
(C:\Users\kelly\AppData\Local\Programs\MiKTeX\tex/generic/stringenc\stringenc.s
ty
Package: stringenc 2019/11/29 v1.12 Convert strings between diff. encodings (HO
)
)
\@linkdim=\dimen275
\Hy@linkcounter=\count320
\Hy@pagecounter=\count321
 (C:\Users\kelly\AppData\Local\Programs\MiKTeX\tex/latex/hyperref\pd1enc.def
File: pd1enc.def 2025-07-12 v7.01o Hyperref: PDFDocEncoding definition (HO)
) (C:\Users\kelly\AppData\Local\Programs\MiKTeX\tex/generic/intcalc\intcalc.sty
Package: intcalc 2019/12/15 v1.3 Expandable calculations with integers (HO)
)
\Hy@SavedSpaceFactor=\count322
 (C:\Users\kelly\AppData\Local\Programs\MiKTeX\tex/latex/hyperref\puenc.def
File: puenc.def 2025-07-12 v7.01o Hyperref: PDF Unicode definition (HO)
)
Package hyperref Info: Option `bookmarks' set `true' on input line 4066.
Package hyperref Info: Option `bookmarksopen' set `true' on input line 4066.
Package hyperref Info: Option `implicit' set `false' on input line 4066.
Package hyperref Info: Hyper figures OFF on input line 4195.
Package hyperref Info: Link nesting OFF on input line 4200.
Package hyperref Info: Hyper index ON on input line 4203.
Package hyperref Info: Plain pages OFF on input line 4210.
Package hyperref Info: Backreferencing OFF on input line 4215.
Package hyperref Info: Implicit mode OFF; no redefinition of LaTeX internals.
Package hyperref Info: Bookmarks ON on input line 4462.
\c@Hy@tempcnt=\count323

(C:\Users\kelly\AppData\Local\Programs\MiKTeX\tex/latex/url\url.sty
\Urlmuskip=\muskip17
Package: url 2013/09/16  ver 3.4  Verb mode for urls, etc.
)
LaTeX Info: Redefining \url on input line 4801.
\XeTeXLinkMargin=\dimen276

(C:\Users\kelly\AppData\Local\Programs\MiKTeX\tex/generic/bitset\bitset.sty
Package: bitset 2019/12/09 v1.3 Handle bit-vector datatype (HO)

(C:\Users\kelly\AppData\Local\Programs\MiKTeX\tex/generic/bigintcalc\bigintcalc
.sty
Package: bigintcalc 2019/12/15 v1.5 Expandable calculations on big integers (HO
)
))
\Fld@menulength=\count324
\Field@Width=\dimen277
\Fld@charsize=\dimen278
Package hyperref Info: Hyper figures OFF on input line 6078.
Package hyperref Info: Link nesting OFF on input line 6083.
Package hyperref Info: Hyper index ON on input line 6086.
Package hyperref Info: backreferencing OFF on input line 6093.
Package hyperref Info: Link coloring OFF on input line 6098.
Package hyperref Info: Link coloring with OCG OFF on input line 6103.
Package hyperref Info: PDF/A mode OFF on input line 6108.
\Hy@abspage=\count325


Package hyperref Message: Stopped early.

)
Package hyperref Info: Driver (autodetected): hxetex.
 (C:\Users\kelly\AppData\Local\Programs\MiKTeX\tex/latex/hyperref\hxetex.def
File: hxetex.def 2025-07-12 v7.01o Hyperref driver for XeTeX
\pdfm@box=\box68
\c@Hy@AnnotLevel=\count326
\HyField@AnnotCount=\count327
\Fld@listcount=\count328
\c@bookmark@seq@number=\count329

(C:\Users\kelly\AppData\Local\Programs\MiKTeX\tex/latex/rerunfilecheck\rerunfil
echeck.sty
Package: rerunfilecheck 2025-06-21 v1.11 Rerun checks for auxiliary files (HO)

(C:\Users\kelly\AppData\Local\Programs\MiKTeX\tex/generic/uniquecounter\uniquec
ounter.sty
Package: uniquecounter 2019/12/15 v1.4 Provide unlimited unique counter (HO)
)
Package uniquecounter Info: New unique counter `rerunfilecheck' on input line 2
84.
))
(C:\Users\kelly\AppData\Local\Programs\MiKTeX\tex/latex/beamer\beamerbaserequir
es.sty
(C:\Users\kelly\AppData\Local\Programs\MiKTeX\tex/latex/beamer\beamerbasecompat
ibility.sty)
(C:\Users\kelly\AppData\Local\Programs\MiKTeX\tex/latex/beamer\beamerbasefont.s
ty (C:\Users\kelly\AppData\Local\Programs\MiKTeX\tex/latex/amsfonts\amssymb.sty
Package: amssymb 2013/01/14 v3.01 AMS font symbols
(C:\Users\kelly\AppData\Local\Programs\MiKTeX\tex/latex/amsfonts\amsfonts.sty
Package: amsfonts 2013/01/14 v3.01 Basic AMSFonts support
\@emptytoks=\toks29
\symAMSa=\mathgroup4
\symAMSb=\mathgroup5
LaTeX Font Info:    Redeclaring math symbol \hbar on input line 98.
LaTeX Font Info:    Overwriting math alphabet `\mathfrak' in version `bold'
(Font)                  U/euf/m/n --> U/euf/b/n on input line 106.
))
(C:\Users\kelly\AppData\Local\Programs\MiKTeX\tex/latex/sansmathaccent\sansmath
accent.sty
Package: sansmathaccent 2020/01/31

(C:\Users\kelly\AppData\Local\Programs\MiKTeX\tex/latex/koma-script\scrlfile.st
y
Package: scrlfile 2026/02/02 v3.49.2 KOMA-Script package (file load hooks)

(C:\Users\kelly\AppData\Local\Programs\MiKTeX\tex/latex/koma-script\scrlfile-ho
ok.sty
Package: scrlfile-hook 2026/02/02 v3.49.2 KOMA-Script package (using LaTeX hook
s)

(C:\Users\kelly\AppData\Local\Programs\MiKTeX\tex/latex/koma-script\scrlogo.sty
Package: scrlogo 2026/02/02 v3.49.2 KOMA-Script package (logo)
)))))
(C:\Users\kelly\AppData\Local\Programs\MiKTeX\tex/latex/beamer\beamerbasetransl
ator.sty
(C:\Users\kelly\AppData\Local\Programs\MiKTeX\tex/latex/translator\translator.s
ty
Package: translator 2021-05-31 v1.12d Easy translation of strings in LaTeX
))
(C:\Users\kelly\AppData\Local\Programs\MiKTeX\tex/latex/beamer\beamerbasemisc.s
ty)
(C:\Users\kelly\AppData\Local\Programs\MiKTeX\tex/latex/beamer\beamerbasetwoscr
eens.sty)
(C:\Users\kelly\AppData\Local\Programs\MiKTeX\tex/latex/beamer\beamerbaseoverla
y.sty
\beamer@argscount=\count330
\beamer@lastskipcover=\skip52
\beamer@trivlistdepth=\count331
)
(C:\Users\kelly\AppData\Local\Programs\MiKTeX\tex/latex/beamer\beamerbasetitle.
sty)
(C:\Users\kelly\AppData\Local\Programs\MiKTeX\tex/latex/beamer\beamerbasesectio
n.sty
\c@lecture=\count332
\c@part=\count333
\c@section=\count334
\c@subsection=\count335
\c@subsubsection=\count336
)
(C:\Users\kelly\AppData\Local\Programs\MiKTeX\tex/latex/beamer\beamerbaseframe.
sty
\beamer@framebox=\box69
\beamer@frametitlebox=\box70
\beamer@zoombox=\box71
\beamer@zoomcount=\count337
\beamer@zoomframecount=\count338
\beamer@frametextheight=\dimen279
\c@subsectionslide=\count339
\beamer@frametopskip=\skip53
\beamer@framebottomskip=\skip54
\beamer@frametopskipautobreak=\skip55
\beamer@framebottomskipautobreak=\skip56
\beamer@envbody=\toks30
\framewidth=\dimen280
\c@framenumber=\count340
)
(C:\Users\kelly\AppData\Local\Programs\MiKTeX\tex/latex/beamer\beamerbaseverbat
im.sty
\beamer@verbatimfileout=\write4
)
(C:\Users\kelly\AppData\Local\Programs\MiKTeX\tex/latex/beamer\beamerbaseframes
ize.sty
\beamer@splitbox=\box72
\beamer@autobreakcount=\count341
\beamer@autobreaklastheight=\dimen281
\beamer@frametitletoks=\toks31
\beamer@framesubtitletoks=\toks32
)
(C:\Users\kelly\AppData\Local\Programs\MiKTeX\tex/latex/beamer\beamerbaseframec
omponents.sty
\beamer@colheight=\skip57
\beamer@footins=\box73
)
(C:\Users\kelly\AppData\Local\Programs\MiKTeX\tex/latex/beamer\beamerbasecolor.
sty)
(C:\Users\kelly\AppData\Local\Programs\MiKTeX\tex/latex/beamer\beamerbasenotes.
sty
\beamer@frameboxcopy=\box74
)
(C:\Users\kelly\AppData\Local\Programs\MiKTeX\tex/latex/beamer\beamerbasetoc.st
y)
(C:\Users\kelly\AppData\Local\Programs\MiKTeX\tex/latex/beamer\beamerbasetempla
tes.sty
\beamer@sbttoks=\toks33

(C:\Users\kelly\AppData\Local\Programs\MiKTeX\tex/latex/beamer\beamerbaseauxtem
plates.sty
(C:\Users\kelly\AppData\Local\Programs\MiKTeX\tex/latex/beamer\beamerbaseboxes.
sty
\bmb@box=\box75
\bmb@colorbox=\box76
\bmb@boxwidth=\dimen282
\bmb@boxheight=\dimen283
\bmb@prevheight=\dimen284
\bmb@temp=\dimen285
\bmb@dima=\dimen286
\bmb@dimb=\dimen287
\bmb@prevheight=\dimen288
)
\beamer@blockheadheight=\dimen289
))
(C:\Users\kelly\AppData\Local\Programs\MiKTeX\tex/latex/beamer\beamerbaselocals
tructure.sty
(C:\Users\kelly\AppData\Local\Programs\MiKTeX\tex/latex/tools\enumerate.sty
Package: enumerate 2023/07/04 v3.00 enumerate extensions (DPC)
\@enLab=\toks34
)
\beamer@bibiconwidth=\skip58
\c@figure=\count342
\c@table=\count343
\abovecaptionskip=\skip59
\belowcaptionskip=\skip60
)
(C:\Users\kelly\AppData\Local\Programs\MiKTeX\tex/latex/beamer\beamerbasenaviga
tion.sty
(C:\Users\kelly\AppData\Local\Programs\MiKTeX\tex/latex/beamer\beamerbasenaviga
tionsymbols.tex)
\beamer@section@min@dim=\dimen290
)
(C:\Users\kelly\AppData\Local\Programs\MiKTeX\tex/latex/beamer\beamerbasetheore
ms.sty
(C:\Users\kelly\AppData\Local\Programs\MiKTeX\tex/latex/amsmath\amsmath.sty
Package: amsmath 2025/07/09 v2.17z AMS math features
\@mathmargin=\skip61

For additional information on amsmath, use the `?' option.
(C:\Users\kelly\AppData\Local\Programs\MiKTeX\tex/latex/amsmath\amstext.sty
Package: amstext 2024/11/17 v2.01 AMS text

(C:\Users\kelly\AppData\Local\Programs\MiKTeX\tex/latex/amsmath\amsgen.sty
File: amsgen.sty 1999/11/30 v2.0 generic functions
\@emptytoks=\toks35
\ex@=\dimen291
))
(C:\Users\kelly\AppData\Local\Programs\MiKTeX\tex/latex/amsmath\amsbsy.sty
Package: amsbsy 1999/11/29 v1.2d Bold Symbols
\pmbraise@=\dimen292
)
(C:\Users\kelly\AppData\Local\Programs\MiKTeX\tex/latex/amsmath\amsopn.sty
Package: amsopn 2022/04/08 v2.04 operator names
)
\inf@bad=\count344
LaTeX Info: Redefining \frac on input line 233.
\uproot@=\count345
\leftroot@=\count346
LaTeX Info: Redefining \overline on input line 398.
LaTeX Info: Redefining \colon on input line 409.
\classnum@=\count347
\DOTSCASE@=\count348
LaTeX Info: Redefining \ldots on input line 495.
LaTeX Info: Redefining \dots on input line 498.
LaTeX Info: Redefining \cdots on input line 619.
\Mathstrutbox@=\box77
\strutbox@=\box78
LaTeX Info: Redefining \big on input line 721.
LaTeX Info: Redefining \Big on input line 722.
LaTeX Info: Redefining \bigg on input line 723.
LaTeX Info: Redefining \Bigg on input line 724.
\big@size=\dimen293
LaTeX Font Info:    Redeclaring font encoding OML on input line 742.
LaTeX Font Info:    Redeclaring font encoding OMS on input line 743.
\macc@depth=\count349
LaTeX Info: Redefining \bmod on input line 904.
LaTeX Info: Redefining \pmod on input line 909.
LaTeX Info: Redefining \smash on input line 939.
LaTeX Info: Redefining \relbar on input line 969.
LaTeX Info: Redefining \Relbar on input line 970.
\c@MaxMatrixCols=\count350
\dotsspace@=\muskip18
\c@parentequation=\count351
\dspbrk@lvl=\count352
\tag@help=\toks36
\row@=\count353
\column@=\count354
\maxfields@=\count355
\andhelp@=\toks37
\eqnshift@=\dimen294
\alignsep@=\dimen295
\tagshift@=\dimen296
\tagwidth@=\dimen297
\totwidth@=\dimen298
\lineht@=\dimen299
\@envbody=\toks38
\multlinegap=\skip62
\multlinetaggap=\skip63
\mathdisplay@stack=\toks39
LaTeX Info: Redefining \[ on input line 2950.
LaTeX Info: Redefining \] on input line 2951.
)
(C:\Users\kelly\AppData\Local\Programs\MiKTeX\tex/latex/amscls\amsthm.sty
Package: amsthm 2020/05/29 v2.20.6
\thm@style=\toks40
\thm@bodyfont=\toks41
\thm@headfont=\toks42
\thm@notefont=\toks43
\thm@headpunct=\toks44
\thm@preskip=\skip64
\thm@postskip=\skip65
\thm@headsep=\skip66
\dth@everypar=\toks45
)
\c@theorem=\count356
)
(C:\Users\kelly\AppData\Local\Programs\MiKTeX\tex/latex/beamer\beamerbasethemes
.sty))
(C:\Users\kelly\AppData\Local\Programs\MiKTeX\tex/latex/beamer\beamerthemedefau
lt.sty
(C:\Users\kelly\AppData\Local\Programs\MiKTeX\tex/latex/beamer\beamerfontthemed
efault.sty)
(C:\Users\kelly\AppData\Local\Programs\MiKTeX\tex/latex/beamer\beamercolortheme
default.sty)
(C:\Users\kelly\AppData\Local\Programs\MiKTeX\tex/latex/beamer\beamerinnertheme
default.sty
\beamer@dima=\dimen300
\beamer@dimb=\dimen301
)
(C:\Users\kelly\AppData\Local\Programs\MiKTeX\tex/latex/beamer\beameroutertheme
default.sty)))
(C:\Users\kelly\AppData\Local\Programs\MiKTeX\tex/latex/fontspec\fontspec.sty
(C:\Users\kelly\AppData\Local\Programs\MiKTeX\tex/latex/l3packages/xparse\xpars
e.sty
(C:\Users\kelly\AppData\Local\Programs\MiKTeX\tex/latex/l3kernel\expl3.sty
Package: expl3 2025-12-24 L3 programming layer (loader) 

(C:\Users\kelly\AppData\Local\Programs\MiKTeX\tex/latex/l3backend\l3backend-xet
ex.def
File: l3backend-xetex.def 2025-10-09 L3 backend support: XeTeX
\g__graphics_track_int=\count357
\g__pdfannot_backend_int=\count358
\g__pdfannot_backend_link_int=\count359
))
Package: xparse 2025-10-09 L3 Experimental document command parser
)
Package: fontspec 2025/09/29 v2.9g Font selection for XeLaTeX and LuaLaTeX

(C:\Users\kelly\AppData\Local\Programs\MiKTeX\tex/latex/fontspec\fontspec-xetex
.sty
Package: fontspec-xetex 2025/09/29 v2.9g Font selection for XeLaTeX and LuaLaTe
X
\l__fontspec_script_int=\count360
\l__fontspec_language_int=\count361
\l__fontspec_strnum_int=\count362
\l__fontspec_tmp_int=\count363
\l__fontspec_tmpa_int=\count364
\l__fontspec_tmpb_int=\count365
\l__fontspec_tmpc_int=\count366
\l__fontspec_em_int=\count367
\l__fontspec_emdef_int=\count368
\l__fontspec_strong_int=\count369
\l__fontspec_strongdef_int=\count370
\l__fontspec_tmpa_dim=\dimen302
\l__fontspec_tmpb_dim=\dimen303
\l__fontspec_tmpc_dim=\dimen304
 (C:\Users\kelly\AppData\Local\Programs\MiKTeX\tex/latex/base\fontenc.sty
Package: fontenc 2025/07/18 v2.1d Standard LaTeX package
)
(C:\Users\kelly\AppData\Local\Programs\MiKTeX\tex/latex/fontspec\fontspec.cfg))
)

Package fontspec Info: 
(fontspec)             Font family 'NotoSerif(0)' created for font 'Noto
(fontspec)             Serif' with options [Ligatures=TeX].
(fontspec)              
(fontspec)              This font family consists of the following NFSS
(fontspec)             series/shapes:
(fontspec)              
(fontspec)             - 'normal' (m/n) with NFSS spec.: <->"Noto
(fontspec)             Serif/OT:script=latn;language=dflt;mapping=tex-text;"
(fontspec)             - 'small caps'  (m/sc) with NFSS spec.: <->"Noto
(fontspec)             Serif/OT:script=latn;language=dflt;+smcp;mapping=tex-tex
t;"
(fontspec)             - 'bold' (b/n) with NFSS spec.: <->"Noto
(fontspec)             Serif/B/OT:script=latn;language=dflt;mapping=tex-text;"
(fontspec)             - 'bold small caps'  (b/sc) with NFSS spec.: <->"Noto
(fontspec)             Serif/B/OT:script=latn;language=dflt;+smcp;mapping=tex-t
ext;"
(fontspec)             - 'italic' (m/it) with NFSS spec.: <->"Noto
(fontspec)             Serif/I/OT:script=latn;language=dflt;mapping=tex-text;"
(fontspec)             - 'italic small caps'  (m/scit) with NFSS spec.:
(fontspec)             <->"Noto
(fontspec)             Serif/I/OT:script=latn;language=dflt;+smcp;mapping=tex-t
ext;"
(fontspec)             - 'bold italic' (b/it) with NFSS spec.: <->"Noto
(fontspec)             Serif/BI/OT:script=latn;language=dflt;mapping=tex-text;"

(fontspec)             - 'bold italic small caps'  (b/scit) with NFSS spec.:
(fontspec)             <->"Noto
(fontspec)             Serif/BI/OT:script=latn;language=dflt;+smcp;mapping=tex-
text;"


Package fontspec Info: 
(fontspec)             Font family 'NotoSans(0)' created for font 'Noto Sans'
(fontspec)             with options [Ligatures=TeX].
(fontspec)              
(fontspec)              This font family consists of the following NFSS
(fontspec)             series/shapes:
(fontspec)              
(fontspec)             - 'normal' (m/n) with NFSS spec.: <->"Noto
(fontspec)             Sans/OT:script=latn;language=dflt;mapping=tex-text;"
(fontspec)             - 'small caps'  (m/sc) with NFSS spec.: <->"Noto
(fontspec)             Sans/OT:script=latn;language=dflt;+smcp;mapping=tex-text
;"
(fontspec)             - 'bold' (b/n) with NFSS spec.: <->"Noto
(fontspec)             Sans/B/OT:script=latn;language=dflt;mapping=tex-text;"
(fontspec)             - 'bold small caps'  (b/sc) with NFSS spec.: <->"Noto
(fontspec)             Sans/B/OT:script=latn;language=dflt;+smcp;mapping=tex-te
xt;"
(fontspec)             - 'italic' (m/it) with NFSS spec.: <->"Noto
(fontspec)             Sans/I/OT:script=latn;language=dflt;mapping=tex-text;"
(fontspec)             - 'italic small caps'  (m/scit) with NFSS spec.:
(fontspec)             <->"Noto
(fontspec)             Sans/I/OT:script=latn;language=dflt;+smcp;mapping=tex-te
xt;"
(fontspec)             - 'bold italic' (b/it) with NFSS spec.: <->"Noto
(fontspec)             Sans/BI/OT:script=latn;language=dflt;mapping=tex-text;"
(fontspec)             - 'bold italic small caps'  (b/scit) with NFSS spec.:
(fontspec)             <->"Noto
(fontspec)             Sans/BI/OT:script=latn;language=dflt;+smcp;mapping=tex-t
ext;"


(C:\Users\kelly\AppData\Local\Programs\MiKTeX\tex/latex/polyglossia\polyglossia
.sty
Package: polyglossia 2026/09/11 v2.13 Modern multilingual typesetting with XeLa
TeX and LuaLaTeX
\l_xpg_alias_keyvals_int=\count371

(C:\Users\kelly\AppData\Local\Programs\MiKTeX\tex/latex/polyglossia\gloss-latex
.ldf
File: gloss-latex.ldf 2026/09/11 v2.13 polyglossia: module for default language

))
(C:\Users\kelly\AppData\Local\Programs\MiKTeX\tex/latex/polyglossia\gloss-vietn
amese.ldf
File: gloss-vietnamese.ldf 2026/09/11 v2.13 polyglossia: module for Vietnamese
)

Package polyglossia Info: Default language is vietnamese


(C:\Users\kelly\AppData\Local\Programs\MiKTeX\tex/latex/booktabs\booktabs.sty
Package: booktabs 2020/01/12 v1.61803398 Publication quality tables
\heavyrulewidth=\dimen305
\lightrulewidth=\dimen306
\cmidrulewidth=\dimen307
\belowrulesep=\dimen308
\belowbottomsep=\dimen309
\aboverulesep=\dimen310
\abovetopsep=\dimen311
\cmidrulesep=\dimen312
\cmidrulekern=\dimen313
\defaultaddspace=\dimen314
\@cmidla=\count372
\@cmidlb=\count373
\@aboverulesep=\dimen315
\@belowrulesep=\dimen316
\@thisruleclass=\count374
\@lastruleclass=\count375
\@thisrulewidth=\dimen317
)
(C:\Users\kelly\AppData\Local\Programs\MiKTeX\tex/latex/pgf/frontendlayer\tikz.
sty
(C:\Users\kelly\AppData\Local\Programs\MiKTeX\tex/latex/pgf/basiclayer\pgf.sty
Package: pgf 2025-08-29 v3.1.11a (3.1.11a)

(C:\Users\kelly\AppData\Local\Programs\MiKTeX\tex/generic/pgf/modules\pgfmodule
shapes.code.tex
File: pgfmoduleshapes.code.tex 2025-08-29 v3.1.11a (3.1.11a)
\pgfnodeparttextbox=\box79
)
(C:\Users\kelly\AppData\Local\Programs\MiKTeX\tex/generic/pgf/modules\pgfmodule
plot.code.tex
File: pgfmoduleplot.code.tex 2025-08-29 v3.1.11a (3.1.11a)
)
(C:\Users\kelly\AppData\Local\Programs\MiKTeX\tex/latex/pgf/compatibility\pgfco
mp-version-0-65.sty
Package: pgfcomp-version-0-65 2025-08-29 v3.1.11a (3.1.11a)
\pgf@nodesepstart=\dimen318
\pgf@nodesepend=\dimen319
)
(C:\Users\kelly\AppData\Local\Programs\MiKTeX\tex/latex/pgf/compatibility\pgfco
mp-version-1-18.sty
Package: pgfcomp-version-1-18 2025-08-29 v3.1.11a (3.1.11a)
))
(C:\Users\kelly\AppData\Local\Programs\MiKTeX\tex/latex/pgf/utilities\pgffor.st
y
(C:\Users\kelly\AppData\Local\Programs\MiKTeX\tex/generic/pgf/utilities\pgffor.
code.tex
Package: pgffor 2025-08-29 v3.1.11a (3.1.11a)
\pgffor@iter=\dimen320
\pgffor@skip=\dimen321
\pgffor@stack=\toks46
\pgffor@toks=\toks47
))
(C:\Users\kelly\AppData\Local\Programs\MiKTeX\tex/generic/pgf/frontendlayer/tik
z\tikz.code.tex
Package: tikz 2025-08-29 v3.1.11a (3.1.11a)

(C:\Users\kelly\AppData\Local\Programs\MiKTeX\tex/generic/pgf/libraries\pgflibr
aryplothandlers.code.tex
File: pgflibraryplothandlers.code.tex 2025-08-29 v3.1.11a (3.1.11a)
\pgf@plot@mark@count=\count376
\pgfplotmarksize=\dimen322
)
\tikz@lastx=\dimen323
\tikz@lasty=\dimen324
\tikz@lastxsaved=\dimen325
\tikz@lastysaved=\dimen326
\tikz@lastmovetox=\dimen327
\tikz@lastmovetoy=\dimen328
\tikzleveldistance=\dimen329
\tikzsiblingdistance=\dimen330
\tikz@figbox=\box80
\tikz@figbox@bg=\box81
\tikz@tempbox=\box82
\tikz@tempbox@bg=\box83
\tikztreelevel=\count377
\tikznumberofchildren=\count378
\tikznumberofcurrentchild=\count379
\tikz@fig@count=\count380

(C:\Users\kelly\AppData\Local\Programs\MiKTeX\tex/generic/pgf/modules\pgfmodule
matrix.code.tex
File: pgfmodulematrix.code.tex 2025-08-29 v3.1.11a (3.1.11a)
\pgfmatrixcurrentrow=\count381
\pgfmatrixcurrentcolumn=\count382
\pgf@matrix@numberofcolumns=\count383
)
\tikz@expandcount=\count384

(C:\Users\kelly\AppData\Local\Programs\MiKTeX\tex/generic/pgf/frontendlayer/tik
z/libraries\tikzlibrarytopaths.code.tex
File: tikzlibrarytopaths.code.tex 2025-08-29 v3.1.11a (3.1.11a)
)))
(C:\Users\kelly\AppData\Local\Programs\MiKTeX\tex/generic/pgf/libraries\pgflibr
aryarrows.meta.code.tex
File: pgflibraryarrows.meta.code.tex 2025-08-29 v3.1.11a (3.1.11a)
\pgfarrowinset=\dimen331
\pgfarrowlength=\dimen332
\pgfarrowwidth=\dimen333
\pgfarrowlinewidth=\dimen334
)
(C:\Users\kelly\AppData\Local\Programs\MiKTeX\tex/generic/pgf/frontendlayer/tik
z/libraries\tikzlibrarypositioning.code.tex
File: tikzlibrarypositioning.code.tex 2025-08-29 v3.1.11a (3.1.11a)
)
(C:\Users\kelly\AppData\Local\Programs\MiKTeX\tex/generic/pgf/frontendlayer/tik
z/libraries\tikzlibraryshapes.code.tex
File: tikzlibraryshapes.code.tex 2025-08-29 v3.1.11a (3.1.11a)

(C:\Users\kelly\AppData\Local\Programs\MiKTeX\tex/generic/pgf/frontendlayer/tik
z/libraries\tikzlibraryshapes.geometric.code.tex
File: tikzlibraryshapes.geometric.code.tex 2025-08-29 v3.1.11a (3.1.11a)

(C:\Users\kelly\AppData\Local\Programs\MiKTeX\tex/generic/pgf/libraries/shapes\
pgflibraryshapes.geometric.code.tex
File: pgflibraryshapes.geometric.code.tex 2025-08-29 v3.1.11a (3.1.11a)
))
(C:\Users\kelly\AppData\Local\Programs\MiKTeX\tex/generic/pgf/frontendlayer/tik
z/libraries\tikzlibraryshapes.misc.code.tex
File: tikzlibraryshapes.misc.code.tex 2025-08-29 v3.1.11a (3.1.11a)

(C:\Users\kelly\AppData\Local\Programs\MiKTeX\tex/generic/pgf/libraries/shapes\
pgflibraryshapes.misc.code.tex
File: pgflibraryshapes.misc.code.tex 2025-08-29 v3.1.11a (3.1.11a)
))
(C:\Users\kelly\AppData\Local\Programs\MiKTeX\tex/generic/pgf/frontendlayer/tik
z/libraries\tikzlibraryshapes.symbols.code.tex
File: tikzlibraryshapes.symbols.code.tex 2025-08-29 v3.1.11a (3.1.11a)

(C:\Users\kelly\AppData\Local\Programs\MiKTeX\tex/generic/pgf/libraries/shapes\
pgflibraryshapes.symbols.code.tex
File: pgflibraryshapes.symbols.code.tex 2025-08-29 v3.1.11a (3.1.11a)
))
(C:\Users\kelly\AppData\Local\Programs\MiKTeX\tex/generic/pgf/frontendlayer/tik
z/libraries\tikzlibraryshapes.arrows.code.tex
File: tikzlibraryshapes.arrows.code.tex 2025-08-29 v3.1.11a (3.1.11a)

(C:\Users\kelly\AppData\Local\Programs\MiKTeX\tex/generic/pgf/libraries/shapes\
pgflibraryshapes.arrows.code.tex
File: pgflibraryshapes.arrows.code.tex 2025-08-29 v3.1.11a (3.1.11a)
))
(C:\Users\kelly\AppData\Local\Programs\MiKTeX\tex/generic/pgf/frontendlayer/tik
z/libraries\tikzlibraryshapes.callouts.code.tex
(C:\Users\kelly\AppData\Local\Programs\MiKTeX\tex/generic/pgf/libraries/shapes\
pgflibraryshapes.callouts.code.tex))
(C:\Users\kelly\AppData\Local\Programs\MiKTeX\tex/generic/pgf/frontendlayer/tik
z/libraries\tikzlibraryshapes.multipart.code.tex
File: tikzlibraryshapes.multipart.code.tex 2025-08-29 v3.1.11a (3.1.11a)

(C:\Users\kelly\AppData\Local\Programs\MiKTeX\tex/generic/pgf/libraries/shapes\
pgflibraryshapes.multipart.code.tex
File: pgflibraryshapes.multipart.code.tex 2025-08-29 v3.1.11a (3.1.11a)
\pgfnodepartlowerbox=\box84
\pgfnodeparttwobox=\box85
\pgfnodepartthreebox=\box86
\pgfnodepartfourbox=\box87
\pgfnodeparttwentybox=\box88
\pgfnodepartnineteenbox=\box89
\pgfnodeparteighteenbox=\box90
\pgfnodepartseventeenbox=\box91
\pgfnodepartsixteenbox=\box92
\pgfnodepartfifteenbox=\box93
\pgfnodepartfourteenbox=\box94
\pgfnodepartthirteenbox=\box95
\pgfnodeparttwelvebox=\box96
\pgfnodepartelevenbox=\box97
\pgfnodeparttenbox=\box98
\pgfnodepartninebox=\box99
\pgfnodeparteightbox=\box100
\pgfnodepartsevenbox=\box101
\pgfnodepartsixbox=\box102
\pgfnodepartfivebox=\box103
)))
(C:\Users\kelly\AppData\Local\Programs\MiKTeX\tex/generic/pgf/frontendlayer/tik
z/libraries\tikzlibraryfit.code.tex
File: tikzlibraryfit.code.tex 2025-08-29 v3.1.11a (3.1.11a)
)
(C:\Users\kelly\AppData\Local\Programs\MiKTeX\tex/latex/caption\caption.sty
Package: caption 2023/08/05 v3.6o Customizing captions (AR)

(C:\Users\kelly\AppData\Local\Programs\MiKTeX\tex/latex/caption\caption3.sty
Package: caption3 2023/07/31 v2.4d caption3 kernel (AR)
\caption@tempdima=\dimen335
\captionmargin=\dimen336
\caption@leftmargin=\dimen337
\caption@rightmargin=\dimen338
\caption@width=\dimen339
\caption@indent=\dimen340
\caption@parindent=\dimen341
\caption@hangindent=\dimen342
Package caption Info: beamer document class detected.

(C:\Users\kelly\AppData\Local\Programs\MiKTeX\tex/latex/caption\caption-beamer.
sto
File: caption-beamer.sto 2022/01/06 v2.0c Adaption of the caption package to th
e beamer document classes (AR)
))
\c@caption@flags=\count385
\c@continuedfloat=\count386
Package caption Info: hyperref package is loaded.
Package caption Info: Hyperref support is turned off
(caption)             because hyperref has stopped early.
)
(C:\Users\kelly\AppData\Local\Programs\MiKTeX\tex/latex/beamer\beamerthemeMadri
d.sty
(C:\Users\kelly\AppData\Local\Programs\MiKTeX\tex/latex/beamer\beamercolortheme
whale.sty)
(C:\Users\kelly\AppData\Local\Programs\MiKTeX\tex/latex/beamer\beamercolortheme
orchid.sty)
(C:\Users\kelly\AppData\Local\Programs\MiKTeX\tex/latex/beamer\beamerinnertheme
rounded.sty)
(C:\Users\kelly\AppData\Local\Programs\MiKTeX\tex/latex/beamer\beameroutertheme
infolines.sty))
(C:\Users\kelly\AppData\Local\Programs\MiKTeX\tex/latex/beamer\beamercolortheme
seahorse.sty) (main.aux)
\openout1 = `main.aux'.

LaTeX Font Info:    Checking defaults for OML/cmm/m/it on input line 41.
LaTeX Font Info:    ... okay on input line 41.
LaTeX Font Info:    Checking defaults for OMS/cmsy/m/n on input line 41.
LaTeX Font Info:    ... okay on input line 41.
LaTeX Font Info:    Checking defaults for OT1/cmr/m/n on input line 41.
LaTeX Font Info:    ... okay on input line 41.
LaTeX Font Info:    Checking defaults for T1/cmr/m/n on input line 41.
LaTeX Font Info:    ... okay on input line 41.
LaTeX Font Info:    Checking defaults for TS1/cmr/m/n on input line 41.
LaTeX Font Info:    ... okay on input line 41.
LaTeX Font Info:    Checking defaults for TU/lmr/m/n on input line 41.
LaTeX Font Info:    ... okay on input line 41.
LaTeX Font Info:    Checking defaults for OMX/cmex/m/n on input line 41.
LaTeX Font Info:    ... okay on input line 41.
LaTeX Font Info:    Checking defaults for U/cmr/m/n on input line 41.
LaTeX Font Info:    ... okay on input line 41.
LaTeX Font Info:    Checking defaults for PD1/pdf/m/n on input line 41.
LaTeX Font Info:    ... okay on input line 41.
LaTeX Font Info:    Checking defaults for PU/pdf/m/n on input line 41.
LaTeX Font Info:    ... okay on input line 41.

*geometry* driver: auto-detecting
*geometry* detected driver: xetex
*geometry* verbose mode - [ preamble ] result:
* driver: xetex
* paper: custom
* layout: <same size as paper>
* layoutoffset:(h,v)=(0.0pt,0.0pt)
* modes: includehead includefoot 
* h-part:(L,W,R)=(9.0pt, 437.24408pt, 9.0pt)
* v-part:(T,H,B)=(0.0pt, 256.0748pt, 0.0pt)
* \paperwidth=455.24408pt
* \paperheight=256.0748pt
* \textwidth=437.24408pt
* \textheight=227.62207pt
* \oddsidemargin=-63.26999pt
* \evensidemargin=-63.26999pt
* \topmargin=-72.26999pt
* \headheight=14.22636pt
* \headsep=0.0pt
* \topskip=9.0pt
* \footskip=14.22636pt
* \marginparwidth=4.0pt
* \marginparsep=10.0pt
* \columnsep=10.0pt
* \skip\footins=8.0pt plus 4.0pt minus 2.0pt
* \hoffset=0.0pt
* \voffset=0.0pt
* \mag=1000
* \@twocolumnfalse
* \@twosidefalse
* \@mparswitchfalse
* \@reversemarginfalse
* (1in=72.27pt=25.4mm, 1cm=28.453pt)

Package hyperref Info: Link coloring OFF on input line 41.
(main.out) (main.out)
\@outlinefile=\write5
\openout5 = `main.out'.

LaTeX Font Info:    Overwriting symbol font `operators' in version `normal'
(Font)                  OT1/cmr/m/n --> OT1/cmss/m/n on input line 41.
LaTeX Font Info:    Overwriting symbol font `operators' in version `bold'
(Font)                  OT1/cmr/bx/n --> OT1/cmss/b/n on input line 41.
\symnumbers=\mathgroup6
\sympureletters=\mathgroup7
LaTeX Font Info:    Overwriting math alphabet `\mathrm' in version `normal'
(Font)                  OT1/cmss/m/n --> TU/NotoSerif(0)/m/n on input line 41.
LaTeX Font Info:    Redeclaring math alphabet \mathbf on input line 41.
LaTeX Font Info:    Overwriting math alphabet `\mathbf' in version `normal'
(Font)                  OT1/cmr/bx/n --> TU/NotoSans(0)/b/n on input line 41.
LaTeX Font Info:    Overwriting math alphabet `\mathbf' in version `bold'
(Font)                  OT1/cmr/bx/n --> TU/NotoSans(0)/b/n on input line 41.
LaTeX Font Info:    Redeclaring math alphabet \mathsf on input line 41.
LaTeX Font Info:    Overwriting math alphabet `\mathsf' in version `normal'
(Font)                  OT1/cmss/m/n --> TU/NotoSans(0)/m/n on input line 41.
LaTeX Font Info:    Overwriting math alphabet `\mathsf' in version `bold'
(Font)                  OT1/cmss/bx/n --> TU/NotoSans(0)/m/n on input line 41.
LaTeX Font Info:    Redeclaring math alphabet \mathit on input line 41.
LaTeX Font Info:    Overwriting math alphabet `\mathit' in version `normal'
(Font)                  OT1/cmr/m/it --> TU/NotoSans(0)/m/it on input line 41.
LaTeX Font Info:    Overwriting math alphabet `\mathit' in version `bold'
(Font)                  OT1/cmr/bx/it --> TU/NotoSans(0)/m/it on input line 41.

LaTeX Font Info:    Redeclaring math alphabet \mathtt on input line 41.
LaTeX Font Info:    Overwriting math alphabet `\mathtt' in version `normal'
(Font)                  OT1/cmtt/m/n --> TU/lmtt/m/n on input line 41.
LaTeX Font Info:    Overwriting math alphabet `\mathtt' in version `bold'
(Font)                  OT1/cmtt/m/n --> TU/lmtt/m/n on input line 41.
LaTeX Font Info:    Overwriting symbol font `numbers' in version `bold'
(Font)                  TU/NotoSans(0)/m/n --> TU/NotoSans(0)/b/n on input line
 41.
LaTeX Font Info:    Overwriting symbol font `pureletters' in version `bold'
(Font)                  TU/NotoSans(0)/m/it --> TU/NotoSans(0)/b/it on input li
ne 41.
LaTeX Font Info:    Overwriting math alphabet `\mathrm' in version `bold'
(Font)                  OT1/cmss/b/n --> TU/NotoSerif(0)/b/n on input line 41.
LaTeX Font Info:    Overwriting math alphabet `\mathbf' in version `bold'
(Font)                  TU/NotoSans(0)/b/n --> TU/NotoSans(0)/b/n on input line
 41.
LaTeX Font Info:    Overwriting math alphabet `\mathsf' in version `bold'
(Font)                  TU/NotoSans(0)/m/n --> TU/NotoSans(0)/b/n on input line
 41.
LaTeX Font Info:    Overwriting math alphabet `\mathit' in version `bold'
(Font)                  TU/NotoSans(0)/m/it --> TU/NotoSans(0)/b/it on input li
ne 41.
LaTeX Font Info:    Overwriting math alphabet `\mathtt' in version `bold'
(Font)                  TU/lmtt/m/n --> TU/lmtt/b/n on input line 41.

(C:\Users\kelly\AppData\Local\Programs\MiKTeX\tex/latex/translator\translator-b
asic-dictionary-English.dict
Dictionary: translator-basic-dictionary, Language: English 
)
(C:\Users\kelly\AppData\Local\Programs\MiKTeX\tex/latex/translator\translator-b
ibliography-dictionary-English.dict
Dictionary: translator-bibliography-dictionary, Language: English 
)
(C:\Users\kelly\AppData\Local\Programs\MiKTeX\tex/latex/translator\translator-e
nvironment-dictionary-English.dict
Dictionary: translator-environment-dictionary, Language: English 
)
(C:\Users\kelly\AppData\Local\Programs\MiKTeX\tex/latex/translator\translator-m
onths-dictionary-English.dict
Dictionary: translator-months-dictionary, Language: English 
)
(C:\Users\kelly\AppData\Local\Programs\MiKTeX\tex/latex/translator\translator-n
umbers-dictionary-English.dict
Dictionary: translator-numbers-dictionary, Language: English 
)
(C:\Users\kelly\AppData\Local\Programs\MiKTeX\tex/latex/translator\translator-t
heorem-dictionary-English.dict
Dictionary: translator-theorem-dictionary, Language: English 
)

Package fontspec Info: 
(fontspec)             Adjusting the maths setup (use [no-math] to avoid
(fontspec)             this).

\symlegacymaths=\mathgroup8
LaTeX Font Info:    Overwriting symbol font `legacymaths' in version `bold'
(Font)                  OT1/cmr/m/n --> OT1/cmr/bx/n on input line 41.
LaTeX Font Info:    Redeclaring math accent \acute on input line 41.
LaTeX Font Info:    Redeclaring math accent \grave on input line 41.
LaTeX Font Info:    Redeclaring math accent \ddot on input line 41.
LaTeX Font Info:    Redeclaring math accent \tilde on input line 41.
LaTeX Font Info:    Redeclaring math accent \bar on input line 41.
LaTeX Font Info:    Redeclaring math accent \breve on input line 41.
LaTeX Font Info:    Redeclaring math accent \check on input line 41.
LaTeX Font Info:    Redeclaring math accent \hat on input line 41.
LaTeX Font Info:    Redeclaring math accent \dot on input line 41.
LaTeX Font Info:    Redeclaring math accent \mathring on input line 41.
LaTeX Font Info:    Redeclaring math symbol \Gamma on input line 41.
LaTeX Font Info:    Redeclaring math symbol \Delta on input line 41.
LaTeX Font Info:    Redeclaring math symbol \Theta on input line 41.
LaTeX Font Info:    Redeclaring math symbol \Lambda on input line 41.
LaTeX Font Info:    Redeclaring math symbol \Xi on input line 41.
LaTeX Font Info:    Redeclaring math symbol \Pi on input line 41.
LaTeX Font Info:    Redeclaring math symbol \Sigma on input line 41.
LaTeX Font Info:    Redeclaring math symbol \Upsilon on input line 41.
LaTeX Font Info:    Redeclaring math symbol \Phi on input line 41.
LaTeX Font Info:    Redeclaring math symbol \Psi on input line 41.
LaTeX Font Info:    Redeclaring math symbol \Omega on input line 41.
LaTeX Font Info:    Redeclaring math symbol \mathdollar on input line 41.
LaTeX Font Info:    Redeclaring symbol font `operators' on input line 41.
LaTeX Font Info:    Encoding `OT1' has changed to `TU' for symbol font
(Font)              `operators' in the math version `normal' on input line 41.
LaTeX Font Info:    Overwriting symbol font `operators' in version `normal'
(Font)                  OT1/cmss/m/n --> TU/NotoSerif(0)/m/n on input line 41.
LaTeX Font Info:    Encoding `OT1' has changed to `TU' for symbol font
(Font)              `operators' in the math version `bold' on input line 41.
LaTeX Font Info:    Overwriting symbol font `operators' in version `bold'
(Font)                  OT1/cmss/b/n --> TU/NotoSerif(0)/m/n on input line 41.
LaTeX Font Info:    Overwriting symbol font `operators' in version `normal'
(Font)                  TU/NotoSerif(0)/m/n --> TU/NotoSerif(0)/m/n on input li
ne 41.
LaTeX Font Info:    Redeclaring math alphabet \mathrm on input line 41.
LaTeX Font Info:    Overwriting math alphabet `\mathit' in version `normal'
(Font)                  TU/NotoSans(0)/m/it --> TU/NotoSerif(0)/m/it on input l
ine 41.
LaTeX Font Info:    Overwriting math alphabet `\mathbf' in version `normal'
(Font)                  TU/NotoSans(0)/b/n --> TU/NotoSerif(0)/b/n on input lin
e 41.
LaTeX Font Info:    Overwriting math alphabet `\mathsf' in version `normal'
(Font)                  TU/NotoSans(0)/m/n --> TU/NotoSans(0)/m/n on input line
 41.
LaTeX Font Info:    Overwriting math alphabet `\mathtt' in version `normal'
(Font)                  TU/lmtt/m/n --> TU/lmtt/m/n on input line 41.
LaTeX Font Info:    Overwriting symbol font `operators' in version `bold'
(Font)                  TU/NotoSerif(0)/m/n --> TU/NotoSerif(0)/b/n on input li
ne 41.
LaTeX Font Info:    Overwriting math alphabet `\mathit' in version `bold'
(Font)                  TU/NotoSans(0)/b/it --> TU/NotoSerif(0)/b/it on input l
ine 41.
LaTeX Font Info:    Overwriting math alphabet `\mathsf' in version `bold'
(Font)                  TU/NotoSans(0)/b/n --> TU/NotoSans(0)/b/n on input line
 41.
LaTeX Font Info:    Overwriting math alphabet `\mathtt' in version `bold'
(Font)                  TU/lmtt/b/n --> TU/lmtt/b/n on input line 41.
Package caption Info: Begin \AtBeginDocument code.
Package caption Info: End \AtBeginDocument code.
 (main.nav) (body.tex [1

]
LaTeX Font Info:    Trying to load font information for U+msa on input line 25.


(C:\Users\kelly\AppData\Local\Programs\MiKTeX\tex/latex/amsfonts\umsa.fd
File: umsa.fd 2013/01/14 v3.01 AMS symbols A
)
LaTeX Font Info:    Trying to load font information for U+msb on input line 25.


(C:\Users\kelly\AppData\Local\Programs\MiKTeX\tex/latex/amsfonts\umsb.fd
File: umsb.fd 2013/01/14 v3.01 AMS symbols B
)
[2

] (main.toc) [3

] (part1.tex [4

] [5

] [6

] [7

]
File: figures/ch2_gaussian_bump.png Graphic file (type bmp)
<figures/ch2_gaussian_bump.png>
 [8

]
File: figures/ch1_scale_init.png Graphic file (type bmp)
<figures/ch1_scale_init.png>
 [9

]
File: figures/ch2_covariance_ellipsoid.png Graphic file (type bmp)
<figures/ch2_covariance_ellipsoid.png>
 [10

]
File: figures/ch1_rgb2sh.png Graphic file (type bmp)
<figures/ch1_rgb2sh.png>
 [11

]
File: figures/ch2_sh_sphere.png Graphic file (type bmp)
<figures/ch2_sh_sphere.png>
File: figures/ch2_sh_degree_schedule.png Graphic file (type bmp)
<figures/ch2_sh_degree_schedule.png>

Overfull \vbox (7.30072pt too high) detected at line 171
 []

[12

]
File: figures/ch1_extent.png Graphic file (type bmp)
<figures/ch1_extent.png>
 [13

]) (partSH_B.tex
File: figures/2_2_low_order_real_sh.png Graphic file (type bmp)
<figures/2_2_low_order_real_sh.png>
 [14

]
File: figures/3_1_fourier_vs_sh.png Graphic file (type bmp)
<figures/3_1_fourier_vs_sh.png>
 [15

]
File: figures/3_2_truncation_reconstruction.png Graphic file (type bmp)
<figures/3_2_truncation_reconstruction.png>
 [16

]
File: figures/3_2b_coefficient_count.png Graphic file (type bmp)
<figures/3_2b_coefficient_count.png>
 [17

]
File: figures/3_3_compute_color_from_sh.png Graphic file (type bmp)
<figures/3_3_compute_color_from_sh.png>

Overfull \vbox (21.52724pt too high) detected at line 106
 []

[18

]
File: figures/3_4_degree_schedule.png Graphic file (type bmp)
<figures/3_4_degree_schedule.png>
 [19

]
File: figures/4_1_parseval_energy.png Graphic file (type bmp)
<figures/4_1_parseval_energy.png>
 [20

]
File: figures/4_2_mean_color_dc.png Graphic file (type bmp)
<figures/4_2_mean_color_dc.png>
 [21

]) (part2.tex
File: figures/pipe.png Graphic file (type bmp)
<figures/pipe.png>
 [22

]
File: figures/ch3_pinhole_projection.png Graphic file (type bmp)
<figures/ch3_pinhole_projection.png>
 [23

]
File: figures/ch3_ewa_projection.png Graphic file (type bmp)
<figures/ch3_ewa_projection.png>

Overfull \vbox (8.42033pt too high) detected at line 54
 []

[24

]
File: figures/ch3_compact_box.png Graphic file (type bmp)
<figures/ch3_compact_box.png>

Overfull \vbox (20.81544pt too high) detected at line 74
 []

[25

]
File: figures/ch3_area_ratio.png Graphic file (type bmp)
<figures/ch3_area_ratio.png>
 [26

] [27

]
File: figures/ch4_alpha_field.png Graphic file (type bmp)
<figures/ch4_alpha_field.png>
 [28

]
File: figures/ch4_alpha_blend_stack.png Graphic file (type bmp)
<figures/ch4_alpha_blend_stack.png>

Overfull \vbox (7.81902pt too high) detected at line 145
 []

[29

]
File: figures/ch4_transmittance_decay.png Graphic file (type bmp)
<figures/ch4_transmittance_decay.png>
 [30

] [31

]) (main.toc) [32

] (part3.tex
File: figures/ch5_loss_mix.png Graphic file (type bmp)
<figures/ch5_loss_mix.png>
 [33

]
File: figures/ch5_ssim_window.png Graphic file (type bmp)
<figures/ch5_ssim_window.png>
 [34

]
File: figures/ch5_psnr.png Graphic file (type bmp)
<figures/ch5_psnr.png>
 [35

]
Overfull \hbox (3.8386pt too wide) detected at line 105
[] \OT1/cmr/m/n/7 = 0\OML/cmm/m/it/7 :\OT1/cmr/m/n/7 4(1 \OMS/cmsy/m/n/7 ^^@ []
\OT1/cmr/m/n/7 ) + 0\OML/cmm/m/it/7 :\OT1/cmr/m/n/7 3 [] + 0\OML/cmm/m/it/7 :\O
T1/cmr/m/n/7 3 []  []
 []

File: figures/ch5_score_decomp.png Graphic file (type bmp)
<figures/ch5_score_decomp.png>
[36

] [37

]
File: figures/ch6_edge_gradient.png Graphic file (type bmp)
<figures/ch6_edge_gradient.png>
 [38

]
File: figures/ch6_adam_trajectory.png Graphic file (type bmp)
<figures/ch6_adam_trajectory.png>
 [39

]
File: figures/ch6_lr_decay.png Graphic file (type bmp)
<figures/ch6_lr_decay.png>
 [40

]
File: figures/ch6_step_schedule.png Graphic file (type bmp)
<figures/ch6_step_schedule.png>
 [41

]

Package pgf Warning: Returning node center instead of a point on node border. D
id you specify a point identical to the center of node ``render''? on input lin
e 239.

[42

]) (main.toc) [43

] (part4.tex [44

]
File: figures/fig_01_timeline.png Graphic file (type bmp)
<figures/fig_01_timeline.png>
 [45

]
File: figures/fig_02_accum_denom.png Graphic file (type bmp)
<figures/fig_02_accum_denom.png>
 [46

]
File: figures/fig_03_grad_cancel.png Graphic file (type bmp)
<figures/fig_03_grad_cancel.png>

Overfull \vbox (3.44637pt too high) detected at line 77
 []

[47

]
File: figures/fig_05_decision_plane.png Graphic file (type bmp)
<figures/fig_05_decision_plane.png>
 [48

]
File: figures/fig_08_clone_before_after.png Graphic file (type bmp)
<figures/fig_08_clone_before_after.png>
File: figures/ch7_clone_region.png Graphic file (type bmp)
<figures/ch7_clone_region.png>

Overfull \vbox (4.49615pt too high) detected at line 117
 []

[49

]
File: figures/fig_09_split_geometry.png Graphic file (type bmp)
<figures/fig_09_split_geometry.png>
File: figures/ch7_split_sampling.png Graphic file (type bmp)
<figures/ch7_split_sampling.png>
 [50

] [51

]
File: figures/ch7_n_growth.png Graphic file (type bmp)
<figures/ch7_n_growth.png>
File: figures/fig_11_N_accounting.png Graphic file (type bmp)
<figures/fig_11_N_accounting.png>
 [52

]
File: figures/fig_17_opacity_trajectory.png Graphic file (type bmp)
<figures/fig_17_opacity_trajectory.png>
File: figures/fig_18_hist_reset.png Graphic file (type bmp)
<figures/fig_18_hist_reset.png>
 [53

]) (partADC_1a.tex
File: figures/1_1_timeline.png Graphic file (type bmp)
<figures/1_1_timeline.png>

Overfull \vbox (34.1398pt too high) detected at line 22
 []

[54

]
File: figures/1_2_N_qualitative.png Graphic file (type bmp)
<figures/1_2_N_qualitative.png>
 [55

]) (partADC_1b.tex) (partADC_4a.tex
File: figures/4_1_gradient-cancellation.png Graphic file (type bmp)
<figures/4_1_gradient-cancellation.png>
 [56

]
File: figures/4_2_accum-denom-curve.png Graphic file (type bmp)
<figures/4_2_accum-denom-curve.png>
 [57

]
File: figures/4_3_and-plane-5gaussians.png Graphic file (type bmp)
<figures/4_3_and-plane-5gaussians.png>
 [58

]
Overfull \hbox (8.20529pt too wide) detected at line 116
[][] \OT1/cmr/m/n/7 = [] \OMS/cmsy/m/n/7 ^ []\OML/cmm/m/it/7 ;  [][] \OT1/cmr/m
/n/7 = [][] \OMS/cmsy/m/n/7 ^ []
 []

File: figures/4_4_clone-region-500.png Graphic file (type bmp)
<figures/4_4_clone-region-500.png>
[59

]
File: figures/4_5_scene-extent.png Graphic file (type bmp)
<figures/4_5_scene-extent.png>
 [60

]
File: figures/4_6_decision-diagram.png Graphic file (type bmp)
<figures/4_6_decision-diagram.png>

Overfull \vbox (30.86688pt too high) detected at line 166
 []

[61

]
File: figures/4_7_under-vs-over.png Graphic file (type bmp)
<figures/4_7_under-vs-over.png>
 [62

]) (partADC_4b.tex
File: figures/4_8_split-geometry.png Graphic file (type bmp)
<figures/4_8_split-geometry.png>
 [63

]
File: figures/4_9_split-distribution.png Graphic file (type bmp)
<figures/4_9_split-distribution.png>
 [64

]
File: figures/4_10_clone-symmetry-break.png Graphic file (type bmp)
<figures/4_10_clone-symmetry-break.png>
 [65

]
File: figures/4_11_n-growth.png Graphic file (type bmp)
<figures/4_11_n-growth.png>
 [66

]
File: figures/4_12_stats-reset.png Graphic file (type bmp)
<figures/4_12_stats-reset.png>
 [67

]
File: figures/4_13_index-layout.png Graphic file (type bmp)
<figures/4_13_index-layout.png>
 [68

]) (partADC_5a.tex
File: figures/5_1_trong-so-N10.png Graphic file (type bmp)
<figures/5_1_trong-so-N10.png>

[69

]
File: figures/5_2_mo-phong-2000-lan.png Graphic file (type bmp)
<figures/5_2_mo-phong-2000-lan.png>
 [70

]
File: figures/5_3_topk-vs-multinomial.png Graphic file (type bmp)
<figures/5_3_topk-vs-multinomial.png>
 [71

]
File: figures/5_4_tranh-xoa-ca-cum.png Graphic file (type bmp)
<figures/5_4_tranh-xoa-ca-cum.png>
 [72

]
File: figures/5_5_sigmoid-inverse.png Graphic file (type bmp)
<figures/5_5_sigmoid-inverse.png>

Overfull \vbox (5.63791pt too high) detected at line 114
 []

[73

]
File: figures/5_6_opacity-theo-iteration.png Graphic file (type bmp)
<figures/5_6_opacity-theo-iteration.png>

Overfull \vbox (19.33038pt too high) detected at line 129
 []

[74

]
File: figures/5_7_histogram-truoc-sau-reset.png Graphic file (type bmp)
<figures/5_7_histogram-truoc-sau-reset.png>
 [75

]
File: figures/5_8_adam-sau-reset.png Graphic file (type bmp)
<figures/5_8_adam-sau-reset.png>

Overfull \vbox (41.35583pt too high) detected at line 162
 []

[76

]) (partADC_5b.tex
File: figures/5_9_timeline-final-prune.png Graphic file (type bmp)
<figures/5_9_timeline-final-prune.png>

Overfull \vbox (2.66335pt too high) detected at line 20
 []

[77

]
File: figures/5_10_vung-OR-final-prune.png Graphic file (type bmp)
<figures/5_10_vung-OR-final-prune.png>
 [78

]
File: figures/5_11_N-bac-thang-15k-30k.png Graphic file (type bmp)
<figures/5_11_N-bac-thang-15k-30k.png>
 [79

]
File: figures/5_12_radar-so-sanh.png Graphic file (type bmp)
<figures/5_12_radar-so-sanh.png>

Overfull \vbox (22.35533pt too high) detected at line 80
 []

[80

]
File: figures/5_13_N-t-3dgs-vs-fastgs.png Graphic file (type bmp)
<figures/5_13_N-t-3dgs-vs-fastgs.png>
 [81

]
File: figures/5_14_optimizer-cat-ghep.png Graphic file (type bmp)
<figures/5_14_optimizer-cat-ghep.png>
 [82

]
File: figures/5_15_so-do-khoi-ADC.png Graphic file (type bmp)
<figures/5_15_so-do-khoi-ADC.png>
 [83

]
File: figures/5_16_thu-tu-that-code.png Graphic file (type bmp)
<figures/5_16_thu-tu-that-code.png>
 [84

]) (partADC_6.tex
File: figures/6_1_muc-tieu-va-gaussian-2d.png Graphic file (type bmp)
<figures/6_1_muc-tieu-va-gaussian-2d.png>
 [85

]
File: figures/6_2_thieu-gaussian.png Graphic file (type bmp)
<figures/6_2_thieu-gaussian.png>
 [86

]
File: figures/6_3_du-gaussian-qua-to.png Graphic file (type bmp)
<figures/6_3_du-gaussian-qua-to.png>
 [87

]
File: figures/6_4_clone-truoc-sau.png Graphic file (type bmp)
<figures/6_4_clone-truoc-sau.png>
 [88

]
File: figures/6_5_split-truoc-sau.png Graphic file (type bmp)
<figures/6_5_split-truoc-sau.png>
 [89

]
File: figures/6_6_chuoi-thoi-gian.png Graphic file (type bmp)
<figures/6_6_chuoi-thoi-gian.png>
 [90

]
File: figures/6_7_chia-vung.png Graphic file (type bmp)
<figures/6_7_chia-vung.png>
 [91

]
File: figures/6_8_duong-cong-loss-N.png Graphic file (type bmp)
<figures/6_8_duong-cong-loss-N.png>

[92

]
File: figures/6_9_kich-thuoc-vs-chi-tiet.png Graphic file (type bmp)
<figures/6_9_kich-thuoc-vs-chi-tiet.png>
 [93

]
File: figures/6_10_khong-adc-vs-co-adc.png Graphic file (type bmp)
<figures/6_10_khong-adc-vs-co-adc.png>
 [94

]
File: figures/6_11_prune-opacity.png Graphic file (type bmp)
<figures/6_11_prune-opacity.png>
 [95

]) (partADC_7.tex
File: figures/7_1_3dgs-chuoi-thoi-gian.png Graphic file (type bmp)
<figures/7_1_3dgs-chuoi-thoi-gian.png>
 [96

]
Overfull \hbox (10.31657pt too wide) detected at line 55
[] \OT1/cmr/m/n/7 = [\OMS/cmsy/m/n/7 k[]k ^^U \OML/cmm/m/it/7 ^^\[]\OT1/cmr/m/n
/7 ] \OMS/cmsy/m/n/7 ^ \OT1/cmr/m/n/7 [[] [] \OML/cmm/m/it/7 > [][]\OT1/cmr/m/n
/7 ] \OMS/cmsy/m/n/7 ^ \OT1/cmr/m/n/7 [[] \OML/cmm/m/it/7 > []\OT1/cmr/m/n/7 ]
 []

File: figures/7_2_fastgs-chuoi-thoi-gian.png Graphic file (type bmp)
<figures/7_2_fastgs-chuoi-thoi-gian.png>
[97

]
File: figures/7_3_chia-vung-3dgs-vs-fastgs.png Graphic file (type bmp)
<figures/7_3_chia-vung-3dgs-vs-fastgs.png>
 [98

]
File: figures/7_4_loss-N-clone-split-prune.png Graphic file (type bmp)
<figures/7_4_loss-N-clone-split-prune.png>
 [99

]
File: figures/7_5_cuoi-3dgs-fastgs-khong-adc.png Graphic file (type bmp)
<figures/7_5_cuoi-3dgs-fastgs-khong-adc.png>

Overfull \vbox (15.43213pt too high) detected at line 97
 []

[100

]
LaTeX Font Info:    Trying to load font information for TS1+NotoSans(0) on inpu
t line 118.

No file TS1NotoSans(0).fd.
LaTeX Font Info:    Trying to load font information for OMS+NotoSans(0) on inpu
t line 118.
LaTeX Font Info:    No file OMSNotoSans(0).fd. on input line 118.

LaTeX Font Warning: Font shape `OMS/NotoSans(0)/m/n' undefined
(Font)              using `OMS/cmsy/m/n' instead on input line 118.

File: figures/7_6_and-importance-tren-toy.png Graphic file (type bmp)
<figures/7_6_and-importance-tren-toy.png>
[101

]
File: figures/7_7_abs-vs-signed-split.png Graphic file (type bmp)
<figures/7_7_abs-vs-signed-split.png>
 [102

]
File: figures/7_8_prune-hard-vs-multinomial.png Graphic file (type bmp)
<figures/7_8_prune-hard-vs-multinomial.png>
 [103

]
File: figures/7_9_tran-opacity-08.png Graphic file (type bmp)
<figures/7_9_tran-opacity-08.png>
 [104

]
File: figures/7_10_final-prune-tren-toy.png Graphic file (type bmp)
<figures/7_10_final-prune-tren-toy.png>
 [105

]) (partADC_TLa.tex
File: figures/fig_01_timeline.png Graphic file (type bmp)
<figures/fig_01_timeline.png>
 [106

]
File: figures/fig_02_accum_denom.png Graphic file (type bmp)
<figures/fig_02_accum_denom.png>

Overfull \vbox (36.27086pt too high) detected at line 47
 []

[107

]
File: figures/fig_03_grad_cancel.png Graphic file (type bmp)
<figures/fig_03_grad_cancel.png>

Overfull \vbox (14.64598pt too high) detected at line 63
 []

[108

]
File: figures/fig_04_gbar_history.png Graphic file (type bmp)
<figures/fig_04_gbar_history.png>
 [109

]
File: figures/fig_05_decision_plane.png Graphic file (type bmp)
<figures/fig_05_decision_plane.png>
 [110

]
File: figures/fig_06_scene_extent.png Graphic file (type bmp)
<figures/fig_06_scene_extent.png>

Overfull \vbox (34.33347pt too high) detected at line 124
 []

[111

]
File: figures/fig_07_threshold_sweep.png Graphic file (type bmp)
<figures/fig_07_threshold_sweep.png>
 [112

]
File: figures/fig_08_clone_before_after.png Graphic file (type bmp)
<figures/fig_08_clone_before_after.png>
 [113

]
File: figures/fig_09_split_geometry.png Graphic file (type bmp)
<figures/fig_09_split_geometry.png>
 [114

]) (partADC_TLb.tex
File: figures/fig_10_split_samples.png Graphic file (type bmp)
<figures/fig_10_split_samples.png>
 [115

]
File: figures/fig_11_N_accounting.png Graphic file (type bmp)
<figures/fig_11_N_accounting.png>

Overfull \vbox (18.28276pt too high) detected at line 40
 []

[116

]
File: figures/fig_12_prune_alpha.png Graphic file (type bmp)
<figures/fig_12_prune_alpha.png>
 [117

]
File: figures/fig_13_prune_radius2d.png Graphic file (type bmp)
<figures/fig_13_prune_radius2d.png>

Overfull \vbox (27.36308pt too high) detected at line 75
 []

[118

]
File: figures/fig_14_prune_scale.png Graphic file (type bmp)
<figures/fig_14_prune_scale.png>

Overfull \vbox (36.98872pt too high) detected at line 89
 []

[119

]
File: figures/fig_15_prune_or_region.png Graphic file (type bmp)
<figures/fig_15_prune_or_region.png>

Overfull \vbox (31.54399pt too high) detected at line 107
 []

[120

]
File: figures/fig_16_sigmoid_inverse.png Graphic file (type bmp)
<figures/fig_16_sigmoid_inverse.png>
 [121

]
File: figures/fig_17_opacity_trajectory.png Graphic file (type bmp)
<figures/fig_17_opacity_trajectory.png>

Overfull \vbox (37.76672pt too high) detected at line 144
 []

[122

]
File: figures/fig_18_hist_reset.png Graphic file (type bmp)
<figures/fig_18_hist_reset.png>
 [123

]) (main.toc) [124

] (part_sadgs_teaser.tex
File: figures/sadgs_overview/01_2d_structure_analysis.png Graphic file (type bm
p)
<figures/sadgs_overview/01_2d_structure_analysis.png>
 [125

]
File: figures/sadgs_overview/03_3d_gaussian_training_split.png Graphic file (ty
pe bmp)
<figures/sadgs_overview/03_3d_gaussian_training_split.png>
 [126

])

Package hyperref Warning: Token not allowed in a PDF string (Unicode):
(hyperref)                removing `math shift' on input line 95.


Package hyperref Warning: Token not allowed in a PDF string (Unicode):
(hyperref)                removing `\to' on input line 95.


Package hyperref Warning: Token not allowed in a PDF string (Unicode):
(hyperref)                removing `math shift' on input line 95.

(part_sadgsx_16.tex
File: figures/sadgsx/16_flow_tensor_to_adc.png Graphic file (type bmp)
<figures/sadgsx/16_flow_tensor_to_adc.png>
 [127

] [128

]
File: figures/sadgsx/16_eta_geometry.png Graphic file (type bmp)
<figures/sadgsx/16_eta_geometry.png>
 [129

]
File: figures/sadgsx/16_multiview_vote.png Graphic file (type bmp)
<figures/sadgsx/16_multiview_vote.png>
 [130

]
File: figures/sadgsx/16_adc_actions.png Graphic file (type bmp)
<figures/sadgsx/16_adc_actions.png>
 [131

]) (part_sadgs_01.tex
LaTeX Font Info:    Font shape `TU/lmtt/bx/n' in size <7> not available
(Font)              Font shape `TU/lmtt/b/n' tried instead on input line 34.
File: ../BOOK/fastergs_merge_figures/00_techniques_overview.png Graphic file (t
ype bmp)
<../BOOK/fastergs_merge_figures/00_techniques_overview.png>

Overfull \vbox (69.48563pt too high) detected at line 34
 []

[132

]
File: ../BOOK/adc_3dgs/figures/fig_06_scene_extent.png Graphic file (type bmp)
<../BOOK/adc_3dgs/figures/fig_06_scene_extent.png>
 [133

] [134

]
File: ../BOOK/adc_3dgs/figures/fig_05_decision_plane.png Graphic file (type bmp
)
<../BOOK/adc_3dgs/figures/fig_05_decision_plane.png>
 [135

] [136

]) (part_sadgs_02.tex [137

]
File: figures/fig_07_threshold_sweep.png Graphic file (type bmp)
<figures/fig_07_threshold_sweep.png>
 [138

] [139

]
File: figures/fig_04_gbar_history.png Graphic file (type bmp)
<figures/fig_04_gbar_history.png>
 [140

]
[141

]) (part_sadgs_03.tex [142

] [143

] [144

]
File: ../BOOK/adc_3dgs/figures/fig_08_clone_before_after.png Graphic file (type
 bmp)
<../BOOK/adc_3dgs/figures/fig_08_clone_before_after.png>
 [145

] [146

]) (part_sadgs_04.tex
[147

] [148

]
File: figures/fig_09_split_geometry.png Graphic file (type bmp)
<figures/fig_09_split_geometry.png>
 [149

]
File: figures/fig_11_N_accounting.png Graphic file (type bmp)
<figures/fig_11_N_accounting.png>
 [150

] [151

]) (part_sadgs_05.tex
File: figures/fig_10_split_samples.png Graphic file (type bmp)
<figures/fig_10_split_samples.png>
 [152

] [153

]
File: figures/fig_09_split_geometry.png Graphic file (type bmp)
<figures/fig_09_split_geometry.png>
 [154

] [155

]
[156

]) (part_sadgs_06.tex [157

] [158

]
Overfull \hbox (69.383pt too wide) detected at line 71
[] \OT1/cmr/m/n/7 = ([] \OML/cmm/m/it/7 > [][]\OT1/cmr/m/n/7 0\OML/cmm/m/it/7 :
\OT1/cmr/m/n/7 8)  \OMS/NotoSans(0)/m/n/7 ^  []\OML/cmm/m/it/7 ;  [][] \OT1/cmr
/m/n/7 = ([] \OML/cmm/m/it/7 > [][]\OT1/cmr/m/n/7 0\OML/cmm/m/it/7 :\OT1/cmr/m/
n/7 8)  \OMS/NotoSans(0)/m/n/7 ^  []
 []

[159

]
File: figures/fig_12_prune_alpha.png Graphic file (type bmp)
<figures/fig_12_prune_alpha.png>
File: figures/fig_14_prune_scale.png Graphic file (type bmp)
<figures/fig_14_prune_scale.png>

Overfull \vbox (19.11143pt too high) detected at line 106
 []

[160

]
File: figures/fig_15_prune_or_region.png Graphic file (type bmp)
<figures/fig_15_prune_or_region.png>
 [161

]) (part_sadgs_07.tex [162

] [163

]
File: figures/fig_18_hist_reset.png Graphic file (type bmp)
<figures/fig_18_hist_reset.png>
 [164

] [165

]
File: figures/fig_17_opacity_trajectory.png Graphic file (type bmp)
<figures/fig_17_opacity_trajectory.png>

Overfull \vbox (11.94154pt too high) detected at line 95
 []

[166

]) (part_sadgs_08.tex
File: figures/fig_01_timeline.png Graphic file (type bmp)
<figures/fig_01_timeline.png>
 [167

]
Underfull \hbox (badness 10000) in paragraph at lines 43--43
[]\TU/NotoSans(0)/m/n/7 Nhân bản Gaussian dựa
 []


Underfull \hbox (badness 10000) in paragraph at lines 43--43
[]\TU/NotoSans(0)/m/n/7 Gộp 1 vòng:
 []


Underfull \hbox (badness 10000) in paragraph at lines 43--43
\TU/NotoSans(0)/m/n/7 clone+split+prune mỗi
 []


Underfull \hbox (badness 10000) in paragraph at lines 43--43
[]\TU/NotoSans(0)/m/n/7 Tỉa cuối theo multi-view
 []

File: figures/fig_11_N_accounting.png Graphic file (type bmp)
<figures/fig_11_N_accounting.png>

Overfull \vbox (37.5808pt too high) detected at line 43
 []

[168

]
Underfull \hbox (badness 10000) in paragraph at lines 79--79
[]\TU/NotoSans(0)/m/n/6 Ngưỡng gradient lọc điểm ”active” trong
 []


Underfull \hbox (badness 10000) in paragraph at lines 79--79
[]\TU/NotoSans(0)/m/n/6 Ngưỡng gradient tuyệt đối (kế thừa từ
 []

LaTeX Font Info:    Font shape `TU/lmtt/bx/n' in size <6> not available
(Font)              Font shape `TU/lmtt/b/n' tried instead on input line 79.
[169

]
File: ../BOOK/fastergs_merge_figures/13_vram_time_real_log.png Graphic file (ty
pe bmp)
<../BOOK/fastergs_merge_figures/13_vram_time_real_log.png>

Overfull \vbox (24.1431pt too high) detected at line 108
 []

[170

] [171

]
File: ../BOOK/fastergs_merge_figures/15_verification_status.png Graphic file (t
ype bmp)
<../BOOK/fastergs_merge_figures/15_verification_status.png>
 [172

] [173

]) (part_sadgsx_01.tex
File: figures/sadgsx/01_gradient_ix_iy.png Graphic file (type bmp)
<figures/sadgsx/01_gradient_ix_iy.png>

Overfull \vbox (33.33041pt too high) detected at line 22
 []

[174

]
File: figures/sadgsx/01_structure_tensor_channels.png Graphic file (type bmp)
<figures/sadgsx/01_structure_tensor_channels.png>

Overfull \vbox (15.05005pt too high) detected at line 46
 []

[175

]
File: figures/sadgsx/01_eigen_coherence.png Graphic file (type bmp)
<figures/sadgsx/01_eigen_coherence.png>

Overfull \vbox (35.71835pt too high) detected at line 71
 []

[176

]
File: figures/sadgsx/01_eigenvector_quiver.png Graphic file (type bmp)
<figures/sadgsx/01_eigenvector_quiver.png>

Overfull \vbox (82.8742pt too high) detected at line 92
 []

[177

]
File: figures/sadgsx/01_pyramid_levels.png Graphic file (type bmp)
<figures/sadgsx/01_pyramid_levels.png>

Overfull \vbox (142.88156pt too high) detected at line 123
 []

[178

]
Underfull \hbox (badness 2326) in paragraph at lines 151--151
[]\TU/NotoSans(0)/m/n/6 Mỗi level: \TU/NotoSans(0)/m/it/6 tính lại toàn bộ $[]$
 \TU/NotoSans(0)/m/n/6 trên ảnh đã mờ
 []


Underfull \hbox (badness 10000) in paragraph at lines 151--151
[]\TU/NotoSans(0)/m/n/6 Đắt: levels lần gọi đầy đủ
 []

File: figures/sadgsx/01_v1_vs_v2.png Graphic file (type bmp)
<figures/sadgsx/01_v1_vs_v2.png>

Overfull \vbox (56.23611pt too high) detected at line 151
 []

[179

]
File: figures/sadgsx/01_power_octave_effect.png Graphic file (type bmp)
<figures/sadgsx/01_power_octave_effect.png>

Overfull \vbox (66.14635pt too high) detected at line 180
 []

[180

]
File: figures/sadgsx/01_power_factor_stmap.png Graphic file (type bmp)
<figures/sadgsx/01_power_factor_stmap.png>

Overfull \vbox (3.99934pt too high) detected at line 202
 []

[181

])

Package hyperref Warning: Token not allowed in a PDF string (Unicode):
(hyperref)                removing `math shift' on input line 110.


Package hyperref Warning: Token not allowed in a PDF string (Unicode):
(hyperref)                removing `\eta' on input line 110.


Package hyperref Warning: Token not allowed in a PDF string (Unicode):
(hyperref)                removing `math shift' on input line 110.

(part_sadgsx_02.tex
File: figures/sadgsx/02_cov3d_to_cov2d.png Graphic file (type bmp)
<figures/sadgsx/02_cov3d_to_cov2d.png>
 [182

]
File: figures/sadgsx/02_jacobian_axes.png Graphic file (type bmp)
<figures/sadgsx/02_jacobian_axes.png>
 [183

]
File: figures/sadgsx/02_axis_vs_depth.png Graphic file (type bmp)
<figures/sadgsx/02_axis_vs_depth.png>
 [184

]
File: figures/sadgsx/02_wavelength_eigen.png Graphic file (type bmp)
<figures/sadgsx/02_wavelength_eigen.png>
 [185

]
File: figures/sadgsx/02_eta_3ch.png Graphic file (type bmp)
<figures/sadgsx/02_eta_3ch.png>
 [186

]
File: figures/sadgsx/02_nyquist.png Graphic file (type bmp)
<figures/sadgsx/02_nyquist.png>
 [187

]
File: figures/sadgsx/02_eta_heatmap.png Graphic file (type bmp)
<figures/sadgsx/02_eta_heatmap.png>

Overfull \vbox (8.8945pt too high) detected at line 159
 []

[188

] [189

])

Package hyperref Warning: Token not allowed in a PDF string (Unicode):
(hyperref)                removing `math shift' on input line 112.


Package hyperref Warning: Token not allowed in a PDF string (Unicode):
(hyperref)                removing `\eta' on input line 112.


Package hyperref Warning: Token not allowed in a PDF string (Unicode):
(hyperref)                removing `math shift' on input line 112.

(part_sadgsx_03.tex
File: figures/sadgsx/03_view_stability.png Graphic file (type bmp)
<figures/sadgsx/03_view_stability.png>
 [190

]
\openout4 = `main.vrb'.

 (main.vrb) [191

]
File: figures/sadgsx/03_filter_impact.png Graphic file (type bmp)
<figures/sadgsx/03_filter_impact.png>
 [192

]
File: figures/sadgsx/03_ratio_hist.png Graphic file (type bmp)
<figures/sadgsx/03_ratio_hist.png>

Overfull \vbox (46.05531pt too high) detected at line 100
 []

[193

]
\openout4 = `main.vrb'.

 (main.vrb) [194

]
File: figures/sadgsx/03_avg_vs_max_eta.png Graphic file (type bmp)
<figures/sadgsx/03_avg_vs_max_eta.png>
 [195

]
File: figures/sadgsx/03_timeline_reset.png Graphic file (type bmp)
<figures/sadgsx/03_timeline_reset.png>
 [196

]
\openout4 = `main.vrb'.

 (main.vrb) [197

] [198

]) (part_sadgsx_04.tex
[199

]
File: figures/sadgsx/04_k_eta_stair.png Graphic file (type bmp)
<figures/sadgsx/04_k_eta_stair.png>

Overfull \vbox (12.98718pt too high) detected at line 61
 []

[200

]
File: figures/sadgsx/04_N_heatmap.png Graphic file (type bmp)
<figures/sadgsx/04_N_heatmap.png>

Overfull \vbox (19.94118pt too high) detected at line 88
 []

[201

]
File: figures/sadgsx/04_split_grid_2d.png Graphic file (type bmp)
<figures/sadgsx/04_split_grid_2d.png>

Overfull \vbox (17.25691pt too high) detected at line 117
 []

[202

]
File: figures/sadgsx/04_scale_power.png Graphic file (type bmp)
<figures/sadgsx/04_scale_power.png>
 [203

] [204

]
File: figures/sadgsx/04_3dgs_vs_sadgs.png Graphic file (type bmp)
<figures/sadgsx/04_3dgs_vs_sadgs.png>

Overfull \vbox (22.87247pt too high) detected at line 175
 []

[205

]
File: figures/sadgsx/04_growth.png Graphic file (type bmp)
<figures/sadgsx/04_growth.png>
 [206

]) (part_sadgsx_05.tex [207

]
File: figures/sadgsx/05_decision_region_clone.png Graphic file (type bmp)
<figures/sadgsx/05_decision_region_clone.png>

Overfull \vbox (10.32727pt too high) detected at line 38
 []

[208

]
File: figures/sadgsx/05_clone_under_reconstruction.png Graphic file (type bmp)
<figures/sadgsx/05_clone_under_reconstruction.png>

Overfull \vbox (40.11057pt too high) detected at line 59
 []

[209

] [210

] [211

]
File: figures/sadgsx/05_cat_tensor_optimizer.png Graphic file (type bmp)
<figures/sadgsx/05_cat_tensor_optimizer.png>

Overfull \vbox (38.52106pt too high) detected at line 125
 []

[212

] [213

]
File: figures/sadgsx/05_adam_moment_reset.png Graphic file (type bmp)
<figures/sadgsx/05_adam_moment_reset.png>

Overfull \vbox (2.96727pt too high) detected at line 162
 []

[214

] [215

]) (part_sadgsx_06.tex
File: figures/sadgsx/06_timeline_commented.png Graphic file (type bmp)
<figures/sadgsx/06_timeline_commented.png>
 [216

]
File: figures/sadgsx/06_tau_expand_region.png Graphic file (type bmp)
<figures/sadgsx/06_tau_expand_region.png>

Overfull \vbox (48.01074pt too high) detected at line 45
 []

[217

]
File: figures/sadgsx/06_scale_ratio_eta.png Graphic file (type bmp)
<figures/sadgsx/06_scale_ratio_eta.png>

Overfull \vbox (58.32709pt too high) detected at line 66
 []

[218

]
File: figures/sadgsx/06_ellipse_expand.png Graphic file (type bmp)
<figures/sadgsx/06_ellipse_expand.png>
 [219

]
File: figures/sadgsx/06_eta_convergence.png Graphic file (type bmp)
<figures/sadgsx/06_eta_convergence.png>

Overfull \vbox (18.44531pt too high) detected at line 106
 []

[220

] [221

]
File: figures/sadgsx/06_memory_expand_vs_clone.png Graphic file (type bmp)
<figures/sadgsx/06_memory_expand_vs_clone.png>

Overfull \vbox (15.69753pt too high) detected at line 140
 []

[222

] [223

]) (part_sadgsx_07.tex [224

]
File: figures/sadgsx/07_so_do_khoi_luong.png Graphic file (type bmp)
<figures/sadgsx/07_so_do_khoi_luong.png>
 [225

] [226

]
File: figures/sadgsx/07_mat_na_prune_or.png Graphic file (type bmp)
<figures/sadgsx/07_mat_na_prune_or.png>

Overfull \vbox (16.4752pt too high) detected at line 96
 []

[227

]
File: figures/sadgsx/07_scatter_opacity_radius.png Graphic file (type bmp)
<figures/sadgsx/07_scatter_opacity_radius.png>
 [228

] [229

]
File: figures/sadgsx/07_cat_tensor_adam.png Graphic file (type bmp)
<figures/sadgsx/07_cat_tensor_adam.png>

Overfull \vbox (5.8615pt too high) detected at line 148
 []

[230

]
File: figures/sadgsx/07_duong_cong_N_t.png Graphic file (type bmp)
<figures/sadgsx/07_duong_cong_N_t.png>
 [231

]
Underfull \hbox (badness 10000) in paragraph at lines 179--179
[]\TU/NotoSans(0)/m/n/6 có nhánh multinomial $\OT1/cmr/m/n/6 50[]$ \TU/NotoSans
(0)/m/n/6 (hiện tắt vì
 []


Overfull \hbox (1.01965pt too wide) in paragraph at lines 179--179
 [] 
 []

[232

]) (part_sadgsx_08.tex
File: figures/sadgsx/08_timeline.png Graphic file (type bmp)
<figures/sadgsx/08_timeline.png>
 [233

]
\openout4 = `main.vrb'.

 (main.vrb) [234

]
File: figures/sadgsx/08_score_hist.png Graphic file (type bmp)
<figures/sadgsx/08_score_hist.png>
 [235

]
File: figures/sadgsx/08_mvconsistency.png Graphic file (type bmp)
<figures/sadgsx/08_mvconsistency.png>
 [236

]
Underfull \hbox (badness 6016) in paragraph at lines 103--103
[]\TU/NotoSans(0)/m/n/6 mỗi \TU/lmtt/m/n/6 densification_interval\TU/NotoSans(0
)/m/n/6 , trong 500–
 []


Underfull \hbox (badness 2818) in paragraph at lines 103--103
[]\TU/lmtt/m/n/6 low_ratio$\OML/cmm/m/it/6 >$\TU/lmtt/m/n/6 prune_ratio_thresho
ld$\OT1/cmr/m/n/6 = 0[]8$
 []


Underfull \hbox (badness 10000) in paragraph at lines 103--103
[]\TU/NotoSans(0)/m/n/6 ngẫu nhiên hoá[]: \TU/lmtt/m/n/6 remove_budget
 []


Underfull \hbox (badness 10000) in paragraph at lines 103--103
\TU/lmtt/m/n/6 = int(0.5*to_remove)\TU/NotoSans(0)/m/n/6 , lấy mẫu
 []

[237

]
\openout4 = `main.vrb'.

 (main.vrb) [238

]
File: figures/sadgsx/08_modelsize.png Graphic file (type bmp)
<figures/sadgsx/08_modelsize.png>
 [239

]
File: figures/sadgsx/08_tradeoff.png Graphic file (type bmp)
<figures/sadgsx/08_tradeoff.png>
 [240

] [241

]) (part_sadgsx_09.tex [242

] [243

]
File: figures/sadgsx/09_lr_xyz_schedule.png Graphic file (type bmp)
<figures/sadgsx/09_lr_xyz_schedule.png>

Overfull \vbox (67.15288pt too high) detected at line 70
 []

[244

]
File: figures/sadgsx/09_lr_groups_maxsteps.png Graphic file (type bmp)
<figures/sadgsx/09_lr_groups_maxsteps.png>

Overfull \vbox (26.31407pt too high) detected at line 84
 []

[245

] [246

]
File: figures/sadgsx/09_opacity_reset_hist.png Graphic file (type bmp)
<figures/sadgsx/09_opacity_reset_hist.png>

Overfull \vbox (83.70139pt too high) detected at line 131
 []

[247

]
File: figures/sadgsx/09_opacity_reset_traj.png Graphic file (type bmp)
<figures/sadgsx/09_opacity_reset_traj.png>

Overfull \vbox (52.93623pt too high) detected at line 146
 []

[248

]
File: figures/sadgsx/09_sh_degree_schedule.png Graphic file (type bmp)
<figures/sadgsx/09_sh_degree_schedule.png>

Overfull \vbox (50.85602pt too high) detected at line 167
 []

[249

] [250

]) (part_sadgsx_10.tex
File: figures/sadgsx/10_alias_demo.png Graphic file (type bmp)
<figures/sadgsx/10_alias_demo.png>

Overfull \vbox (42.81502pt too high) detected at line 20
 []

[251

] [252

]
File: figures/sadgsx/10_filter_vs_dist_focal.png Graphic file (type bmp)
<figures/sadgsx/10_filter_vs_dist_focal.png>

Overfull \vbox (74.14917pt too high) detected at line 63
 []

[253

]
File: figures/sadgsx/10_scale_effective.png Graphic file (type bmp)
<figures/sadgsx/10_scale_effective.png>

Overfull \vbox (71.41545pt too high) detected at line 83
 []

[254

]
File: figures/sadgsx/10_opacity_coef.png Graphic file (type bmp)
<figures/sadgsx/10_opacity_coef.png>

Overfull \vbox (69.03409pt too high) detected at line 105
 []

[255

]
File: figures/sadgsx/10_gauss_profile.png Graphic file (type bmp)
<figures/sadgsx/10_gauss_profile.png>
 [256

] [257

] [258

]) (part_sadgsx_11.tex
File: figures/sadgsx/11_l1_vs_ssim.png Graphic file (type bmp)
<figures/sadgsx/11_l1_vs_ssim.png>

Overfull \vbox (15.2956pt too high) detected at line 26
 []

[259

]
File: figures/sadgsx/11_l1_l2_tone.png Graphic file (type bmp)
<figures/sadgsx/11_l1_l2_tone.png>
 [260

] [261

]
File: figures/sadgsx/11_ssim_window.png Graphic file (type bmp)
<figures/sadgsx/11_ssim_window.png>
 [262

]
File: figures/sadgsx/11_frequency_loss.png Graphic file (type bmp)
<figures/sadgsx/11_frequency_loss.png>

Overfull \vbox (20.51169pt too high) detected at line 150
 []

[263

] [264

]
File: figures/sadgsx/11_estimate_gaussians.png Graphic file (type bmp)
<figures/sadgsx/11_estimate_gaussians.png>
 [265

] [266

]) (part_sadgsx_12.tex [267

]
File: figures/sadgsx/12_fps_selection.png Graphic file (type bmp)
<figures/sadgsx/12_fps_selection.png>

Overfull \vbox (8.84169pt too high) detected at line 48
 []

[268

]
File: figures/sadgsx/12_fps_vs_random_coverage.png Graphic file (type bmp)
<figures/sadgsx/12_fps_vs_random_coverage.png>
 [269

]
File: figures/sadgsx/12_fps_cost.png Graphic file (type bmp)
<figures/sadgsx/12_fps_cost.png>
 [270

] [271

] [272

]
File: figures/sadgsx/12_aniso_ellipses.png Graphic file (type bmp)
<figures/sadgsx/12_aniso_ellipses.png>
 [273

]
File: figures/sadgsx/12_uniform_vs_st.png Graphic file (type bmp)
<figures/sadgsx/12_uniform_vs_st.png>
 [274

]) (part_sadgsx_13.tex [275

]
Underfull \hbox (badness 10000) in paragraph at lines 43--43
[]\TU/NotoSans(0)/m/n/6 Giảm số tile/splat $\OMS/cmsy/m/n/6 )$ \TU/NotoSans(0)/
m/n/6 render
 []


Underfull \hbox (badness 4013) in paragraph at lines 43--43
\TU/NotoSans(0)/m/n/6 nhanh; quá nhỏ gây cắt đuôi
 []


Underfull \hbox (badness 2426) in paragraph at lines 43--43
[]\TU/NotoSans(0)/m/n/6 Cách tính $\OML/cmm/m/it/6 ^^Q$\TU/NotoSans(0)/m/n/6 : 
\TU/NotoSans(0)/m/it/6 wavelength $\OML/cmm/m/it/6 ^^Q \OT1/cmr/m/n/6 = \OML/cm
m/m/it/6 `[][]$\TU/NotoSans(0)/m/n/6 ,
 []


Underfull \hbox (badness 10000) in paragraph at lines 43--43
\TU/NotoSans(0)/m/n/6 hoặc \TU/NotoSans(0)/m/it/6 projection $\OML/cmm/m/it/6 ^
^Q \OT1/cmr/m/n/6 = []$
 []


Underfull \hbox (badness 1389) in paragraph at lines 43--43
[]\TU/NotoSans(0)/m/n/6 Lọc nhiễu; tăng $\OMS/cmsy/m/n/6 )$ \TU/NotoSans(0)/m/n
/6 ít GS được
 []


Overfull \hbox (2.87717pt too wide) in paragraph at lines 43--43
[]\TU/NotoSans(0)/m/n/6 Chọn \TU/lmtt/m/n/6 get_multiscale_structure_tensor_v1/
v2
 []

[276

]
Underfull \hbox (badness 10000) in paragraph at lines 69--69
[]\TU/NotoSans(0)/m/n/6 Cũng là mốc bật
 []


Underfull \hbox (badness 10000) in paragraph at lines 69--69
[]\TU/NotoSans(0)/m/n/6 Reset \TU/NotoSans(0)/b/n/6 nhân $\OML/cmm/m/it/6 ^^K \
OMS/cmsy/m/n/6   \OT1/cmr/m/n/6 0\OML/cmm/m/it/6 :\OT1/cmr/m/n/6 1\OML/cmm/m/it
/6 ^^K$
 []


Underfull \hbox (badness 10000) in paragraph at lines 69--69
[]\TU/NotoSans(0)/m/n/6 Khác 3DGS: 3DGS dùng
 []


Underfull \hbox (badness 10000) in paragraph at lines 69--69
[]\TU/NotoSans(0)/m/n/6 Chỉ khi bật mới dùng
 []

[277

]
Underfull \hbox (badness 10000) in paragraph at lines 102--102
[]\TU/NotoSans(0)/m/n/6 Adam(amsgrad)
 []


Underfull \hbox (badness 10000) in paragraph at lines 102--102
\TU/NotoSans(0)/m/n/6 cho hình học +
 []


Underfull \hbox (badness 10000) in paragraph at lines 102--102
[]\TU/NotoSans(0)/m/n/6 Chia 20 khi gán:
 []


Underfull \hbox (badness 10000) in paragraph at lines 102--102
[]\TU/NotoSans(0)/m/n/6 Nếu bật: $\OT1/cmr/m/n/6 3\OMS/cmsy/m/n/6 ^^B$\TU/NotoS
ans(0)/m/n/6 lr
 []


Underfull \hbox (badness 3895) in paragraph at lines 102--102
[]\TU/NotoSans(0)/m/n/6 Thêm hạng L2 vào
 []

File: figures/sadgsx/13_lr.png Graphic file (type bmp)
<figures/sadgsx/13_lr.png>
[278

] [279

]
File: figures/sadgsx/13_lich_trinh.png Graphic file (type bmp)
<figures/sadgsx/13_lich_trinh.png>
 [280

]
File: figures/sadgsx/13_do_nhay.png Graphic file (type bmp)
<figures/sadgsx/13_do_nhay.png>
 [281

]
File: figures/sadgsx/13_heatmap.png Graphic file (type bmp)
<figures/sadgsx/13_heatmap.png>
 [282

]) (part_sadgsx_14.tex [283

]
\openout4 = `main.vrb'.

 (main.vrb) [284

]
File: figures/sadgsx/14_alpha_blending_transmittance.png Graphic file (type bmp
)
<figures/sadgsx/14_alpha_blending_transmittance.png>

[285

]
File: figures/sadgsx/14_mult_vs_3sigma.png Graphic file (type bmp)
<figures/sadgsx/14_mult_vs_3sigma.png>
 [286

]
File: figures/sadgsx/14_cost_vs_mult.png Graphic file (type bmp)
<figures/sadgsx/14_cost_vs_mult.png>
 [287

]
File: figures/sadgsx/14_tile_grid_footprint.png Graphic file (type bmp)
<figures/sadgsx/14_tile_grid_footprint.png>

Overfull \vbox (22.11024pt too high) detected at line 163
 []

[288

]
\openout4 = `main.vrb'.

 (main.vrb
File: figures/sadgsx/14_cov2d_dataflow.png Graphic file (type bmp)
<figures/sadgsx/14_cov2d_dataflow.png>
) [289

]
\openout4 = `main.vrb'.

 (main.vrb
File: figures/sadgsx/14_transmittance_filter.png Graphic file (type bmp)
<figures/sadgsx/14_transmittance_filter.png>
) [290

]
Underfull \hbox (badness 3333) in paragraph at lines 258--258
[] \OMS/cmsy/m/n/6 ^^A \OT1/cmr/m/n/6 2 [](255\OML/cmm/m/it/6 ^^[[]\OT1/cmr/m/n
/6 )$ \TU/NotoSans(0)/m/n/6 + AccuTile cắt theo slice
 []


Underfull \hbox (badness 10000) in paragraph at lines 258--258
[]\TU/lmtt/m/n/6 cov2Ds[7i+0..2] \TU/NotoSans(0)/m/n/6 + tâm pixel + depth
 []


Underfull \hbox (badness 10000) in paragraph at lines 258--258
[]\TU/NotoSans(0)/m/n/6 thêm $[][]$ \TU/NotoSans(0)/b/n/6 theo Gaussian \TU/Not
oSans(0)/m/n/6 qua \TU/lmtt/m/n/6 atomicMax
 []


Underfull \hbox (badness 10000) in paragraph at lines 258--258
[]\TU/lmtt/m/n/6 depth_map\TU/NotoSans(0)/m/n/6 , \TU/lmtt/m/n/6 opacity_map\TU
/NotoSans(0)/m/n/6 , \TU/lmtt/m/n/6 normal_map \TU/NotoSans(0)/m/n/6 khi
 []


Underfull \hbox (badness 10000) in paragraph at lines 258--258
\TU/lmtt/m/n/6 compute_extra \TU/NotoSans(0)/m/n/6 (normal suy từ trục $[]$ của

 []


Underfull \hbox (badness 10000) in paragraph at lines 258--258
[]\TU/NotoSans(0)/m/n/6 chia \TU/NotoSans(0)/b/n/6 bucket 32 Gaussian\TU/NotoSa
ns(0)/m/n/6 , lưu
 []


Underfull \hbox (badness 10000) in paragraph at lines 258--258
\TU/lmtt/m/n/6 sampled_T\TU/NotoSans(0)/m/n/6 /\TU/lmtt/m/n/6 sampled_ar\TU/Not
oSans(0)/m/n/6 , trả thêm \TU/lmtt/m/n/6 num_buckets\TU/NotoSans(0)/m/n/6 ,
 []

[291

]) (part_sadgsx_15.tex [292

]
File: figures/sadgsx/15_pipeline_blocks.png Graphic file (type bmp)
<figures/sadgsx/15_pipeline_blocks.png>

Overfull \vbox (78.95139pt too high) detected at line 57
 []

[293

]
Underfull \hbox (badness 10000) in paragraph at lines 88--88
[]\TU/NotoSans(0)/b/n/6 AND \TU/NotoSans(0)/m/n/6 của grad ($\OMS/cmsy/m/n/6 ^^
U \OT1/cmr/m/n/6 10[]$\TU/NotoSans(0)/m/n/6 ) với
 []


Underfull \hbox (badness 4569) in paragraph at lines 88--88
[]\TU/NotoSans(0)/b/n/6 dị hướng\TU/NotoSans(0)/m/n/6 : $[][][]\OMS/cmsy/m/n/6 
d[]e$\TU/NotoSans(0)/m/n/6 , lưới con, scale chia
 []


Underfull \hbox (badness 6110) in paragraph at lines 88--88
[]\TU/lmtt/m/n/6 mult$\OT1/cmr/m/n/6 = 0\OML/cmm/m/it/6 :\OT1/cmr/m/n/6 7$ \TU/
NotoSans(0)/m/n/6 (compact box, tăng từ mặc định
 []


Underfull \hbox (badness 10000) in paragraph at lines 88--88
\OT1/cmr/m/n/6 0\OML/cmm/m/it/6 :\OT1/cmr/m/n/6 5$\TU/NotoSans(0)/m/n/6 ), \TU/
lmtt/m/n/6 dense\TU/NotoSans(0)/m/n/6 , \TU/lmtt/m/n/6 grad_abs_thresh \TU/Noto
Sans(0)/m/n/6 kế thừa từ
 []


Underfull \hbox (badness 10000) in paragraph at lines 88--88
\TU/lmtt/m/n/6 eta_compute_mode\TU/NotoSans(0)/m/n/6 , \TU/lmtt/m/n/6 split/pru
ne_ratio_threshold\TU/NotoSans(0)/m/n/6 ,
 []


Underfull \hbox (badness 1383) in paragraph at lines 88--88
\TU/NotoSans(0)/m/n/6 structure tensor (1 lần, $[]\OT1/cmr/m/n/6 (\OMS/cmsy/m/n
/6 j[]j  ^^A  []\OT1/cmr/m/n/6 )$ \TU/NotoSans(0)/m/n/6 RAM GPU)
 []

[294

]
File: figures/sadgsx/15_radar.png Graphic file (type bmp)
<figures/sadgsx/15_radar.png>
 [295

]
File: figures/sadgsx/15_cost_model.png Graphic file (type bmp)
<figures/sadgsx/15_cost_model.png>

Overfull \vbox (43.69188pt too high) detected at line 136
 []

[296

]
File: figures/sadgsx/15_waterfall.png Graphic file (type bmp)
<figures/sadgsx/15_waterfall.png>

Overfull \vbox (67.84077pt too high) detected at line 160
 []

[297

]
Underfull \hbox (badness 10000) in paragraph at lines 182--182
[]\TU/lmtt/m/n/6 gaussians.expand_undersized_gs(tau_expand,
 []


Underfull \hbox (badness 10000) in paragraph at lines 182--182
[]\TU/lmtt/m/n/6 compute_gaussian_score_structgs \TU/NotoSans(0)/m/n/6 +
 []


Underfull \hbox (badness 2302) in paragraph at lines 182--182
[]\TU/NotoSans(0)/m/n/6 Không tự lưu ở vòng cuối — chỉ lưu tại
 []

[298

]
File: figures/sadgsx/15_timeline_disabled.png Graphic file (type bmp)
<figures/sadgsx/15_timeline_disabled.png>

Overfull \vbox (48.69199pt too high) detected at line 205
 []

[299

] [300

]) (main.toc) [301

] (part_sadgsx_17a.tex
File: ../BOOK/adc_figures/deep17a_01_iso_luminant_dizenzo.png Graphic file (typ
e bmp)
<../BOOK/adc_figures/deep17a_01_iso_luminant_dizenzo.png>

Overfull \vbox (154.79933pt too high) detected at line 19
 []

[302

]
File: ../BOOK/adc_figures/deep17a_02_rho_integration_window.png Graphic file (t
ype bmp)
<../BOOK/adc_figures/deep17a_02_rho_integration_window.png>

Overfull \vbox (202.04774pt too high) detected at line 39
 []

[303

]
File: ../BOOK/adc_figures/deep17a_03_brightness_normalization.png Graphic file 
(type bmp)
<../BOOK/adc_figures/deep17a_03_brightness_normalization.png>

Overfull \vbox (165.57458pt too high) detected at line 59
 []

[304

])

Package hyperref Warning: Token not allowed in a PDF string (Unicode):
(hyperref)                removing `math shift' on input line 148.


Package hyperref Warning: Token not allowed in a PDF string (Unicode):
(hyperref)                removing `math shift' on input line 148.

(part_sadgsx_17b.tex
File: ../BOOK/adc_figures/deep17b_01_cost_divergence.png Graphic file (type bmp
)
<../BOOK/adc_figures/deep17b_01_cost_divergence.png>

Overfull \vbox (24.65973pt too high) detected at line 24
 []

[305

]
File: ../BOOK/adc_figures/deep17b_02_rp_sensitivity.png Graphic file (type bmp)

<../BOOK/adc_figures/deep17b_02_rp_sensitivity.png>

Overfull \vbox (118.44604pt too high) detected at line 43
 []

[306

]
File: ../BOOK/adc_figures/deep17b_03_trace_identity.png Graphic file (type bmp)

<../BOOK/adc_figures/deep17b_03_trace_identity.png>

Overfull \vbox (100.97667pt too high) detected at line 63
 []

[307

])

Package hyperref Warning: Token not allowed in a PDF string (Unicode):
(hyperref)                removing `math shift' on input line 150.


Package hyperref Warning: Token not allowed in a PDF string (Unicode):
(hyperref)                removing `\eta' on input line 150.


Package hyperref Warning: Token not allowed in a PDF string (Unicode):
(hyperref)                removing `math shift' on input line 150.

(part_sadgsx_17c.tex
File: ../BOOK/adc_figures/deep17c_01_orientation_invariance.png Graphic file (t
ype bmp)
<../BOOK/adc_figures/deep17c_01_orientation_invariance.png>

Overfull \vbox (125.72379pt too high) detected at line 25
 []

[308

]
File: ../BOOK/adc_figures/deep17c_02_cholesky_jitter.png Graphic file (type bmp
)
<../BOOK/adc_figures/deep17c_02_cholesky_jitter.png>

Overfull \vbox (72.49748pt too high) detected at line 45
 []

[309

]
File: ../BOOK/adc_figures/deep17c_03_weighting_bug.png Graphic file (type bmp)
<../BOOK/adc_figures/deep17c_03_weighting_bug.png>

Overfull \vbox (36.31932pt too high) detected at line 71
 []

[310

]) (part_sadgsx_17d.tex
File: ../BOOK/adc_figures/deep17d_01_ratio_trajectories.png Graphic file (type 
bmp)
<../BOOK/adc_figures/deep17d_01_ratio_trajectories.png>
 [311

]
\openout4 = `main.vrb'.

 (main.vrb
File: ../BOOK/adc_figures/deep17d_02_resolution_invariance.png Graphic file (ty
pe bmp)
<../BOOK/adc_figures/deep17d_02_resolution_invariance.png>
) [312

]
File: ../BOOK/adc_figures/deep17d_03_threshold_bands.png Graphic file (type bmp
)
<../BOOK/adc_figures/deep17d_03_threshold_bands.png>

Overfull \vbox (16.76784pt too high) detected at line 56
 []

[313

] [314

])

Package hyperref Warning: Token not allowed in a PDF string (Unicode):
(hyperref)                removing `math shift' on input line 154.


Package hyperref Warning: Token not allowed in a PDF string (Unicode):
(hyperref)                removing `math shift' on input line 154.


Package hyperref Warning: Token not allowed in a PDF string (Unicode):
(hyperref)                removing `math shift' on input line 154.


Package hyperref Warning: Token not allowed in a PDF string (Unicode):
(hyperref)                removing `\@ifnextchar' on input line 154.


Package hyperref Warning: Token not allowed in a PDF string (Unicode):
(hyperref)                removing `math shift' on input line 154.

(part_sadgsx_17e.tex
File: ../BOOK/adc_figures/deep17e_01_N_explosion_no_clamp.png Graphic file (typ
e bmp)
<../BOOK/adc_figures/deep17e_01_N_explosion_no_clamp.png>

Overfull \vbox (32.84534pt too high) detected at line 23
 []

[315

]
File: ../BOOK/adc_figures/deep17e_02_scale_power_effect.png Graphic file (type 
bmp)
<../BOOK/adc_figures/deep17e_02_scale_power_effect.png>

Overfull \vbox (21.69829pt too high) detected at line 44
 []

[316

]
File: ../BOOK/adc_figures/deep17e_03_sqrt12_grid_variance.png Graphic file (typ
e bmp)
<../BOOK/adc_figures/deep17e_03_sqrt12_grid_variance.png>

Overfull \vbox (2.64276pt too high) detected at line 67
 []

[317

])

Package hyperref Warning: Token not allowed in a PDF string (Unicode):
(hyperref)                removing `math shift' on input line 156.


Package hyperref Warning: Token not allowed in a PDF string (Unicode):
(hyperref)                removing `\to' on input line 156.


Package hyperref Warning: Token not allowed in a PDF string (Unicode):
(hyperref)                removing `math shift' on input line 156.

(part_sadgsx_17f.tex
File: ../BOOK/adc_figures/deep17f_01_readme_mapping.png Graphic file (type bmp)

<../BOOK/adc_figures/deep17f_01_readme_mapping.png>

Overfull \vbox (5.9301pt too high) detected at line 22
 []

[318

]
File: ../BOOK/adc_figures/deep17f_04_pipeline_recap.png Graphic file (type bmp)

<../BOOK/adc_figures/deep17f_04_pipeline_recap.png>
 [319

]
File: ../BOOK/adc_figures/deep17f_02_weakness_matrix.png Graphic file (type bmp
)
<../BOOK/adc_figures/deep17f_02_weakness_matrix.png>

Overfull \vbox (84.3983pt too high) detected at line 49
 []

[320

]
File: ../BOOK/adc_figures/deep17f_03_new_problems.png Graphic file (type bmp)
<../BOOK/adc_figures/deep17f_03_new_problems.png>

Overfull \vbox (14.6776pt too high) detected at line 63
 []

[321

]) (main.toc) [322

] (part5.tex [323

]
File: figures/ch8_amdahl.png Graphic file (type bmp)
<figures/ch8_amdahl.png>
 [324

]
File: figures/ch8_cost_model.png Graphic file (type bmp)
<figures/ch8_cost_model.png>
 [325

] [326

] [327

] [328

] [329

]
File: figures/ch8_levers_waterfall.png Graphic file (type bmp)
<figures/ch8_levers_waterfall.png>

Overfull \vbox (23.01228pt too high) detected at line 180
 []

[330

]
File: figures/pipe.png Graphic file (type bmp)
<figures/pipe.png>
 [331

] [332

]) (part6.tex [333

] [334

] [335

] [336

]
File: figures/leaderboard.png Graphic file (type bmp)
<figures/leaderboard.png>
 [337

]
File: figures/training.png Graphic file (type bmp)
<figures/training.png>
 [338

]
File: figures/samples_drjohnson.png Graphic file (type bmp)
<figures/samples_drjohnson.png>
 [339

]
File: figures/samples_train.png Graphic file (type bmp)
<figures/samples_train.png>

[340

] [341

] [342

]) (main.toc) [343

] (part7.tex
\openout4 = `main.vrb'.

 (main.vrb)
Overfull \vbox (48.89381pt too high) detected at line 24
 []

[344

] [345

] [346

] [347

]
Overfull \vbox (107.20908pt too high) detected at line 126
 []

[348

]
Underfull \hbox (badness 10000) in paragraph at lines 146--146
[]\TU/lmtt/m/n/7 DOCS/structgs-acceleration-
 []


Underfull \hbox (badness 1270) in paragraph at lines 146--146
\TU/NotoSans(0)/m/n/7 Densification (eta, split dị hướng, expand, multiview-
 []

[349

] [350

]))
\tf@nav=\write6
\openout6 = `main.nav'.

\tf@toc=\write7
\openout7 = `main.toc'.

\tf@snm=\write8
\openout8 = `main.snm'.

 (main.aux)
 ***********
LaTeX2e <2025-11-01>
L3 programming layer <2025-12-24>
 ***********


LaTeX Font Warning: Some font shapes were not available, defaults substituted.

Package rerunfilecheck Info: File `main.out' has not changed.
(rerunfilecheck)             Checksum: D5AEAA87981C70CB22159180F0114BF7;13358.
 ) 
Here is how much of TeX's memory you used:
 35304 strings out of 402987
 797610 string characters out of 5448524
 1181690 words of memory out of 5000000
 62981 multiletter control sequences out of 15000+600000
 636117 words of font info for 140 fonts, out of 8000000 for 9000
 1348 hyphenation exceptions out of 8191
 128i,16n,123p,672b,982s stack positions out of 10000i,1000n,20000p,200000b,200000s

Output written on main.pdf (350 pages).
